,,,,,,,,,,,,,,,,,,,,,,,,,,,,,,,,,,,,,
,RESERVE BANK OF INDIA - LIABILITIES AND ASSETS,,,,,,,,,,,,,,,,,,,,,,,,,,,,,,,,,,,,
,,,,,,,,,,,,,,,,,,,,,,,,,,,,,,,,,,,,,
,(Rupees Crores),,,,,,,,,,,,,,,,,,,,,,,,,,,,,,,,,,,,
,,,,,,,,,,,,,,,,,,,,,,,,,,,,,,,,,,,,,
,Week Ended,1 Issue Department,,,,,,,2 Banking Department,,,,,,,,,,,,,,,,,,,,,,,,,,,,
,,1.1 Liabilities,,,1.2 Assets,,,,2.1 Liabilities,,,,,,,,,,,2.1/2.2 Total Liabilities or Assets,2.2 Assets,,,,,,,,,,,,2.2.4 Bills Purchased and Discounted,,,,
,,1.1.1 Notes in Circulation,1.1.2 Notes held in Banking Department,1.1/1.2 Total Liabilities (Total Notes Issued) or Assets,1.2.1 Gold,1.2.2 Foreign Securities,1.2.3 Rupee Coin ,1.2.4 Government of India Rupee Securities,2.1.1 Deposits,2.1.1.1 Central Government,2.1.1.2 Market Stabilisation Scheme,2.1.1.3 State Governments,2.1.1.4 Scheduled Commercial Banks,2.1.1.5 Scheduled State Co-operative Banks,2.1.1.6 Non-Scheduled State Co-operative Banks,2.1.1.7 Other Banks,2.1.1.8 Others,2.1.1.9 Financial Institution Outside India,2.1.2 Other Liabilities,,2.2.1 Notes and Coins,2.2.2 Balances held Abroad,2.2.3 Loans and Advances,2.2.3.1 Central Government,2.2.3.2 State Governments ,2.2.3.3 Scheduled Commercial Banks,2.2.3.4 Scheduled State Co-op.Banks,2.2.3.5 Industrial Dev. Bank of India,2.2.3.6 NABARD,2.2.3.7 EXIM Bank,2.2.3.8 Others,2.2.3.9 Financial Institution Outside India,2.2.4.1 Internal,2.2.4.2 Government Treasury Bills,2.2.5 Investments,2.2.6 Other Assets ,2.2.6.1 Gold
,31-Oct-2025,"3,780,994.17",12.09,"3,781,006.26","320,090.19","3,460,480.07",436.00,,"1,542,156.08",100.44,,42.48,"842,947.33","7,077.34","4,611.98","43,819.93","481,530.49","162,026.09","2,574,393.32","4,116,549.40",12.13,"1,581,442.64","199,568.86",,"20,016.32","5,489.00",,,,,"11,539.48","162,524.06",,,"1,732,351.50","603,174.26","582,971.36"
,26-Sep-2025,"3,759,636.14",15.72,"3,759,651.86","298,778.29","3,460,442.69",430.88,0.00,"1,819,019.38",100.78,0.00,42.47,"897,508.58","7,602.15","4,841.19","45,316.01","698,795.20","164,813.00","2,514,282.53","4,333,301.91",15.76,"1,731,117.39","298,337.18",0.00,"32,621.55","84,836.00",,,0.00,,"16,984.90","163,894.73",,,"1,733,645.63","570,185.94","544,156.60"
,29-Aug-2025,"3,763,879.00",13.00,"3,763,892.00","271,256.00","3,492,206.00",429.00,0.00,"1,737,992.00",101.00,0.00,42.00,"959,655.00","8,031.00","5,120.00","48,027.00","583,536.00","133,480.00","2,399,650.00","4,137,642.00",13.00,"1,691,216.00","165,350.00",0.00,"19,623.00","1,950.00",,,,,"10,975.00","132,802.00",,,"1,767,243.00","513,821.00","494,347.00"
,25-Jul-2025,"3,763,741.53",15.60,"3,763,757.13","262,726.22","3,500,579.64",451.27,0.00,"1,811,847.17",100.90,0.00,42.50,"918,229.35","7,969.17","5,061.05","47,638.44","720,791.43","112,014.33","2,249,693.12","4,061,540.29",15.64,"1,627,461.27","148,374.42",0.00,"24,025.86","1,906.00",0.00,,0.00,,"10,319.76","112,122.80",0.00,,"1,787,702.84","497,986.11","478,801.38"
,27-Jun-2025,"3,783,575.00",18.00,"3,783,593.00","255,940.00","3,527,205.00",448.00,0.00,"1,803,255.00",100.00,0.00,42.00,"933,483.00","8,300.00","4,984.00","47,375.00","715,693.00","93,278.00","2,183,725.00","3,986,980.00",18.00,"1,590,460.00","121,798.00",0.00,"20,066.00","1,065.00",0.00,,0.00,,"7,031.00","93,636.00",0.00,,"1,787,779.00","486,926.00","466,434.00"
,30-May-2025,"3,798,507.00",13.00,"3,798,520.00","255,367.00","3,542,856.00",297.00,0.00,"1,824,626.00",101.00,0.00,42.00,"956,086.00","8,301.00","5,002.00","47,182.00","704,649.00","103,263.00","2,112,709.00","3,937,335.00",13.00,"1,489,277.00","149,409.00",0.00,"27,482.00","6,516.00",0.00,,0.00,,"12,340.00","103,071.00",0.00,,"1,813,740.00","484,895.00","465,984.00"
,25-Apr-2025,"3,760,618.97",13.67,"3,760,632.64","255,166.75","3,505,174.00",292.00,0.00,"1,483,243.00",100.97,0.00,42.47,"947,350.98","8,398.11","5,324.03","47,540.40","375,175.75","99,311.07","2,331,242.10","3,814,485.88",14.00,"1,488,168.00","164,685.89",0.00,"22,324.16","23,088.00",0.00,,0.00,,"19,919.22","99,354.51",,,"1,682,492.00","479,126.00","465,618.67"
,28-Mar-2025,"3,683,836.00",11.00,"3,683,847.00","235,379.00","3,448,129.00",340.00,0.00,"1,709,285.00",100.00,0.00,42.00,"943,060.00","7,776.00","5,963.00","46,963.00","593,085.00","112,296.00","2,150,508.00","3,859,793.00",11.00,"1,413,591.00","426,462.00",0.00,"26,284.00","251,984.00",0.00,,0.00,,"36,426.00","111,768.00",0.00,,"1,560,630.00","459,101.00","429,510.00"
,28-Feb-2025,"3,615,574.00",14.00,"3,615,588.00","226,730.00","3,388,603.00",255.00,0.00,"1,445,017.00",101.00,0.00,42.00,"927,189.00","7,452.00","4,814.00","46,630.00","363,484.00","95,305.00","2,173,208.00","3,618,225.00",14.00,"1,402,695.00","376,091.00",0.00,"22,937.00","229,480.00",0.00,0.00,,,"28,827.00","94,847.00",,,"1,401,615.00","437,810.00","414,488.00"
,31-Jan-2025,"3,564,965.00",12.00,"3,564,977.00","217,109.00","3,347,525.00",343.00,0.00,"1,446,595.00",101.00,0.00,42.00,"924,083.00","7,772.00","4,567.00","46,275.00","362,067.00","101,688.00","2,034,572.00","3,481,167.00",12.00,"1,344,426.00","398,362.00",0.00,"19,332.00","256,989.00",0.00,,0.00,,"20,988.00","101,053.00",0.00,,"1,319,974.00","418,394.00","396,899.00"
,27-Dec-2024,"3,525,518.61",13.55,"3,525,532.16","200,458.19","3,324,796.00",278.00,0.00,"1,531,773.00",100.00,0.00,42.48,"939,427.84","8,496.36","4,769.82","47,565.51","443,605.53","87,765.12","1,905,453.45","3,437,226.11",14.00,"1,433,320.00","362,186.65",0.00,"21,840.81","244,697.00",,,0.00,,"8,459.41","87,189.43",,,"1,255,979.00","385,727.00","366,385.03"
,29-Nov-2024,"3,511,550.00",14.00,"3,511,564.00","200,142.00","3,311,092.00",330.00,0.00,"1,441,830.00",101.00,0.00,42.00,"1,023,815.00","8,311.00","5,297.00","50,545.00","232,464.00","121,255.00","1,914,051.00","3,355,881.00",14.00,"1,532,888.00","166,677.00",0.00,"16,465.00","21,293.00",0.00,,0.00,,"8,428.00","120,491.00",0.00,,"1,272,720.00","383,580.00","365,807.00"
,25-Oct-2024,"3,499,601.00",15.00,"3,499,616.00","205,953.00","3,293,260.00",402.00,0.00,"1,727,119.00",101.00,0.00,42.00,"1,042,981.00","8,265.00","5,434.00","50,532.00","465,711.00","154,053.00","1,925,821.00","3,652,940.00",15.00,"1,736,918.00","216,732.00",,"24,079.00","30,948.00",,,,,"8,699.00","153,006.00",,,"1,313,046.00","386,229.00","370,227.00"
,27-Sep-2024,"3,447,381.00",22.00,"3,447,403.00","199,209.00","3,247,889.00",305.00,0.00,"1,851,979.00",100.00,0.00,42.00,"1,020,447.00","8,254.00","5,134.00","49,498.00","600,409.00","168,095.00","2,008,888.00","3,860,867.00",22.00,"1,944,750.00","234,178.00",,"24,412.00","33,302.00",,,,,"8,496.00","167,968.00",,,"1,316,708.00","365,211.00","351,532.00"
,30-Aug-2024,"3,458,493.00",14.00,"3,458,507.00","188,699.00","3,269,461.00",347.00,0.00,"1,702,744.00",100.00,0.00,42.00,"1,019,456.00","8,019.00","5,186.00","49,701.00","479,121.00","141,119.00","1,917,383.00","3,620,127.00",14.00,"1,790,736.00","170,298.00",,"13,381.00","6,968.00",,,,,"8,547.00","141,402.00",,,"1,317,280.00","341,800.00","330,135.00"
,26-Jul-2024,"3,502,874.31",10.19,"3,502,884.50","176,855.53","3,325,805.86",223.11,0.00,"1,702,094.03",100.10,0.00,42.44,"976,073.02","8,281.72","5,278.36","49,425.58","538,459.73","124,433.08","1,723,581.21","3,425,675.24",10.25,"1,625,417.62","161,654.69",,"21,239.47","7,161.00",,,,,"9,062.32","124,191.90",,,"1,322,436.50","316,156.17","306,206.53"
,28-Jun-2024,"3,528,937.00",11.00,"3,528,948.00","172,686.00","3,356,024.00",237.00,0.00,"1,729,450.00",101.00,0.00,42.00,"973,455.00","8,453.00","5,259.00","49,202.00","564,106.00","128,832.00","1,635,592.00","3,365,042.00",11.00,"1,459,215.00","248,346.00",,"7,286.00","102,741.00",,,,,"9,061.00","129,258.00",,,"1,349,978.00","307,492.00","298,664.00"
,31-May-2024,"3,537,513.66",13.99,"3,537,527.65","174,724.75","3,362,365.47",437.43,0.00,"1,733,922.07",100.90,0.00,42.49,"951,109.29","8,554.62","5,224.30","49,246.06","589,410.73","130,233.68","1,612,560.13","3,346,481.68",14.05,"1,456,001.57","220,903.19",0.00,"10,723.20","71,305.00",,,0.00,,"9,311.01","129,563.98",,,"1,365,532.28","304,031.10","296,896.57"
,26-Apr-2024,"3,532,890.54",10.51,"3,532,901.05","172,260.14","3,360,358.93",281.98,0.00,"1,622,445.84",100.80,0.00,42.52,"1,017,716.15","8,776.27","5,589.35","49,381.30","405,934.46","134,904.99","1,742,032.95","3,364,478.79",10.57,"1,344,423.47","365,761.98",0.00,"13,284.29","209,301.00",0.00,,0.00,,"9,202.60","133,974.09",0.00,,"1,358,263.45","296,018.89","290,621.31"
,29-Mar-2024,"3,482,333.00",11.00,"3,482,344.00","162,996.00","3,318,885.00",463.00,0.00,"1,782,332.69",101.00,0.00,42.00,"1,008,618.00","10,092.00","6,412.00","48,725.00","545,400.00","162,944.00","1,804,747.00","3,587,079.78",11.00,"1,480,408.00","443,369.00",0.00,"2,300.00","266,021.00",0.00,,0.00,,"12,398.00","162,650.00",,,"1,365,425.00","297,868.00","272,028.00"
,23-Feb-2024,"3,423,265.27",13.11,"3,423,278.38","148,979.92","3,274,005.95",292.51,0.00,"1,656,495.48",100.50,0.00,42.45,"909,399.76","8,520.25","5,126.60","47,991.11","540,866.85","144,447.96","1,712,392.46","3,368,887.94",13.17,"1,315,954.56","422,924.34",0.00,"14,809.00","256,374.00",35.00,,0.00,,"9,066.39","142,639.95",,,"1,364,312.37","265,683.08","247,933.29"
,26-Jan-2024,"3,386,319.81",13.22,"3,386,333.03","149,321.86","3,236,715.62",295.55,0.00,"1,734,443.73",100.35,0.00,42.48,"933,808.17","8,038.88","4,935.32","47,419.09","593,671.09","146,428.35","1,732,676.88","3,467,120.61",13.28,"1,345,847.92","498,740.90",0.00,"12,810.00","337,637.00",,,0.00,,"3,173.66","145,120.24",,,"1,360,962.78","261,555.32","245,321.81"
,29-Dec-2023,"3,330,398.90",11.52,"3,330,410.42","151,422.29","3,178,712.06",276.07,0.00,"1,660,082.38",100.00,0.00,42.52,"939,846.55","8,035.50","4,983.96","48,414.68","555,419.69","103,239.48","1,803,066.38","3,463,148.76",11.58,"1,455,393.83","382,454.75",0.00,"2,579.04","271,352.00",,,0.00,,"3,167.45","105,356.26",,,"1,359,690.49","265,598.10","250,725.71"
,24-Nov-2023,"3,323,212.00",14.00,"3,323,226.00","145,478.00","3,177,439.00",309.00,0.00,"1,623,298.00",100.00,0.00,42.00,"931,741.00","8,115.00","4,644.00","49,647.00","506,029.00","122,979.00","1,628,598.00","3,251,896.00",14.00,"1,274,744.00","350,907.00",0.00,"16,275.00","207,355.00",0.00,,0.00,,"3,169.00","124,108.00",,,"1,373,135.00","253,095.00","240,882.00"
,27-Oct-2023,"3,271,881.00",13.00,"3,271,894.00","143,945.00","3,127,636.00",313.00,0.00,"1,675,645.00",101.00,0.00,42.00,"906,993.00","8,100.00","4,610.00","47,526.00","566,312.00","141,961.00","1,499,252.00","3,174,897.00",13.00,"1,225,339.00","327,408.00",0.00,"21,871.00","160,738.00",0.00,,0.00,,"3,181.00","141,618.00",,,"1,371,530.00","250,608.00","238,344.00"
,29-Sep-2023,"3,257,515.93",9.93,"3,257,525.86","137,470.74","3,119,750.10",305.02,0.00,"1,678,097.92",100.43,0.00,42.46,"969,235.10","8,917.04","4,900.31","49,320.68","518,710.45","126,871.45","1,498,291.42","3,176,389.34",9.99,"1,235,681.39","312,159.28",0.00,"11,606.24","170,292.00",,,0.00,,"3,029.54","127,231.50",,,"1,388,292.97","240,245.70","226,352.85"
,25-Aug-2023,"3,278,665.24",11.15,"3,278,676.39","138,185.40","3,140,180.08",310.91,0.00,"1,613,238.96",100.63,0.00,42.48,"1,010,361.04","8,808.43","4,686.05","49,758.11","407,378.37","132,103.85","1,514,949.19","3,128,188.15",11.20,"1,245,172.17","244,471.53",0.00,"16,470.00","93,310.00",,,0.00,,"3,122.43","131,569.10",,,"1,400,911.40","237,622.04","228,431.04"
,28-Jul-2023,"3,293,414.38",12.28,"3,293,426.00","139,544.87","3,153,606.14",275.65,0.00,"1,556,121.86",100.27,0.00,42.48,"899,279.48","8,475.13","4,675.44","47,208.61","472,702.86","123,637.59","1,547,467.58","3,103,589.44",12.00,"1,277,030.00","185,626.24",0.00,"13,908.94","45,027.68",0.00,0.00,0.00,0.00,"3,081.53","123,608.09",0.00,0.00,"1,402,884.00","238,037.00","229,814.25"
,30-Jun-2023,"3,329,493.00",12.00,"3,329,505.00","135,772.00","3,193,298.00",435.00,0.00,"1,468,565.79",100.93,0.00,42.48,"871,167.14","9,039.60","4,436.29","46,583.46","450,333.93","86,861.96","1,484,223.23","2,952,789.02",12.00,"1,165,073.00","150,430.01",0.00,"9,835.00","50,867.00",,,0.01,,"3,319.00","86,409.00",,,"1,406,348.00","230,926.00","223,813.00"
,26-May-2023,"3,411,505.35",12.65,"3,411,518.00","140,153.74","3,270,960.88",403.38,0.00,"1,345,291.92",100.65,0.00,42.48,"852,191.42","7,874.62","4,445.69","46,809.61","433,827.45","66,869.29","1,510,519.55","2,855,811.47",12.70,"1,057,485.66","215,680.80",0.00,"13,741.96","67,278.41",0.00,0.00,0.01,0.00,"68,510.63","66,149.79",0.00,0.00,"1,413,426.03","235,356.07","230,601.93"
,28-Apr-2023,"3,424,800.62",15.03,"3,424,815.65","141,579.61","3,282,897.25",338.79,0.00,"1,219,179.70",100.10,0.00,42.48,"890,422.85","7,730.19","4,686.68","48,248.41","200,029.47","67,919.52","1,600,038.25","2,819,217.95",15.09,"995,490.56","169,502.15","4,666.00","4,538.17","73,004.34",0.00,0.00,0.00,0.00,"19,936.67","67,356.96",0.00,0.00,"1,418,112.28","236,097.88","232,068.22"
,31-Mar-2023,"3,348,235.24",9.43,"3,348,244.67","140,765.60","3,207,201.78",277.29,0.00,"1,354,217.22","5,000.93",0.00,42.49,"868,939.67","8,100.09","5,177.27","48,259.94","316,489.64","102,207.19","1,642,294.35","2,996,511.57",9.49,"1,008,993.26","288,813.53","48,677.00",791.72,"112,731.34",0.00,0.00,0.00,0.00,"24,485.36","102,128.11",0.00,0.00,"1,408,486.49","290,208.79","230,733.95"
,24-Feb-2023,"3,301,605.38",10.62,"3,301,616.00","130,103.51","3,171,023.31",489.18,0.00,"1,320,221.95",100.51,0.00,43.00,"797,985.78","7,320.04","4,418.84","45,091.78","357,329.00","107,933.96","1,509,502.21","2,829,724.16",10.68,"960,958.15","236,043.30",0.00,"9,514.84","109,025.66",0.00,0.00,0.02,0.00,"10,466.00","107,036.78",0.00,0.00,"1,399,711.27","233,000.96","215,380.02"
,27-Jan-2023,"3,261,991.76",18.62,"3,262,010.38","135,652.25","3,125,922.27",435.86,0.00,"1,374,659.20",100.82,0.00,42.40,"813,572.82","8,591.96","4,337.42","44,453.37","429,497.47","74,063.17","1,543,822.86","2,918,482.06",18.69,"1,052,100.83","221,913.21",0.00,"16,744.51","121,621.85",0.00,0.00,0.01,0.00,"9,174.85","74,371.99",0.00,0.00,"1,404,237.90","240,211.44","223,289.57"
,30-Dec-2022,"3,203,051.44",14.64,"3,203,066.08","129,184.05","3,073,515.08",366.95,0.00,"1,439,225.23",100.45,0.00,42.44,"841,611.96","8,647.97","4,403.45","45,113.72","457,383.03","81,922.21","1,506,374.56","2,945,599.79",14.71,"1,075,884.26","231,500.95",0.00,"4,450.12","127,472.00",0.01,0.00,0.10,0.00,"17,788.55","81,790.17",0.00,0.00,"1,409,344.71","228,855.27","212,642.61"
,25-Nov-2022,"3,188,464.02",12.11,"3,188,476.13","123,029.94","3,065,120.12",326.08,0.00,"1,361,808.56",100.94,0.00,42.46,"808,841.28","7,400.56","4,352.44","43,958.65","497,112.23","73,825.29","1,417,253.39","2,779,061.95",12.18,"944,365.19","267,404.04",0.00,"2,944.49","96,669.16",35.18,0.00,0.40,0.00,"92,964.24","74,790.57",0.00,0.00,"1,420,570.74","221,500.77","203,252.11"
,28-Oct-2022,"3,181,735.49",13.12,"3,181,748.16","117,425.68","3,063,883.64",438.84,0.00,"1,348,274.70",100.59,0.00,42.46,"781,813.59","7,784.30","4,315.50","43,657.13","447,830.39","62,730.74","1,327,741.20","2,676,015.90",12.74,"846,033.43","203,311.06",0.00,"2,185.57","115,871.00",35.00,0.00,"4,554.01",0.00,"17,565.51","63,099.97",0.00,0.00,"1,413,207.53","213,451.13","193,993.57"
,30-Sep-2022,"3,129,317.03",12.30,"3,129,329.37","115,505.64","3,013,438.37",385.37,0.00,"1,457,197.27",100.00,0.00,42.46,"844,912.89","8,247.39","4,176.47","43,949.21","474,310.00","81,458.28","1,296,275.48","2,753,472.75",12.41,"859,889.18","218,765.18",0.00,"5,610.56","112,520.55",35.00,0.00,"4,554.01",0.00,"16,828.00","79,217.06",0.00,0.00,"1,415,818.39","258,987.57","190,458.03"
,26-Aug-2022,"3,154,427.66",12.76,"3,154,440.42","120,010.69","3,034,084.50",345.22,0.00,"1,496,094.92",100.86,0.00,42.46,"764,113.62","7,733.59","4,104.11","43,222.02","623,500.78","53,277.48","1,313,445.24","2,809,540.16",12.82,"974,457.69","195,769.73",0.00,"4,810.59","98,308.18",0.01,0.00,"9,707.17",0.00,"30,905.10","52,038.68",0.00,0.00,"1,434,212.38","205,087.55","196,588.31"
,29-Jul-2022,"3,156,104.00",10.01,"3,156,113.67","119,129.26","3,036,519.82",464.59,0.00,"1,543,010.05",100.79,0.00,42.47,"834,456.52","8,139.92","4,384.00","45,064.61","600,008.56","50,813.57","1,336,038.78","2,879,048.83",10.00,"1,042,764.29","193,753.21",0.00,"6,083.41","94,387.00",0.00,0.00,"9,668.06",0.00,"32,682.77","50,931.97",0.00,0.00,"1,439,687.31","202,833.95","195,144.44"
,24-Jun-2022,"3,189,152.39",14.77,"3,189,167.16","123,505.37","3,065,265.43",396.36,0.00,"1,694,383.08",100.91,0.00,42.45,"776,520.84","8,014.51","4,486.86","42,973.98","804,424.73","57,818.77","1,258,297.44","2,952,680.52",14.82,"1,107,213.09","206,531.68",0.00,"8,618.25","94,513.68",0.00,0.00,"14,800.86",0.00,"30,517.31","58,081.58",0.00,0.00,"1,435,150.62","203,770.30","197,088.78"
,27-May-2022,"3,191,136.27",13.99,"3,191,150.26","122,748.72","3,068,097.46",304.08,0.00,"1,681,710.70",100.08,0.00,42.00,"761,735.76","8,095.28","4,558.96","42,927.17","808,897.00","55,353.21","1,282,215.41","2,963,926.11",14.05,"1,125,024.00","196,523.49",0.00,"10,723.20","94,367.90",0.00,0.00,"23,083.74",0.00,"13,211.00","55,137.64",0.00,0.00,"1,441,442.33","200,922.67","194,717.24"
,29-Apr-2022,"3,182,321.37",12.94,"3,182,334.31","123,547.34","3,058,380.34",406.63,0.00,"1,654,832.95",100.45,0.00,42.47,"740,234.22","7,650.31","4,155.88","38,403.23","804,385.00","59,861.79","1,237,355.00","2,892,188.00",13.00,"1,040,173.33","187,500.71",0.01,"4,379.68","94,306.00",0.00,0.00,"23,010.10",0.00,"6,498.00","59,306.92",0.00,0.00,"1,464,755.76","199,745.04","194,425.09"
,25-Mar-2022,"3,107,636.51",15.39,"3,107,651.90","128,207.66","2,978,926.55",517.69,0.00,"1,794,574.36",100.60,0.00,42.00,"683,437.05","7,122.52","4,120.82","37,589.40","988,819.00","73,343.00","1,359,253.99","3,153,828.35",15.44,"1,243,853.31","200,715.27",0.00,670.40,"94,299.27",0.00,0.00,"24,927.43",0.00,"8,077.00","72,741.17",0.00,0.00,"1,491,041.83","218,202.78","201,354.02"
,25-Feb-2022,"3,052,619.75",14.03,"3,052,633.78","123,775.40","2,928,449.67",408.71,0.00,"1,911,790.67",100.00,0.00,43.00,"664,473.09","6,900.27","3,916.37","36,946.80","1,119,484.00","79,928.00","1,333,411.70","3,245,202.37",14.08,"1,350,826.56","185,290.67",0.00,186.31,"96,123.26",0.00,0.00,"24,852.56",0.00,77.00,"64,051.54",0.00,0.00,"1,499,600.28","209,471.07","196,024.67"
,28-Jan-2022,"3,004,603.58",15.64,"3,004,619.21","114,864.26","2,889,257.36",497.59,0.00,"1,929,291.41",100.00,0.00,42.10,"681,336.44","7,559.65","3,765.72","36,680.90","1,139,410.00","60,395.34","1,300,073.41","3,229,364.82",15.70,"1,387,051.24","150,987.15",0.00,716.48,"94,286.00",0.00,0.00,"24,769.66",0.00,811.00,"30,404.01",0.00,0.00,"1,497,144.34","194,166.75","181,597.04"
,31-Dec-2021,"2,959,237.00",13.00,"2,959,249.98","113,486.28","2,845,196.45",567.25,0.00,"1,991,453.49",100.46,0.00,42.46,"716,432.27","7,631.46","3,415.86","37,348.87","1,180,276.00","46,206.05","1,313,544.81","3,304,998.30",13.04,"1,412,900.39","180,239.18",0.00,"6,676.76","102,488.93",0.01,0.00,"24,769.66",0.00,77.00,"46,226.82",0.00,0.00,"1,521,572.10","190,273.90","179,292.88"
,26-Nov-2021,"2,955,756.60",13.00,"2,955,770.09","113,276.99","2,841,822.12",670.97,0.00,"2,032,713.46",101.00,0.00,42.50,"656,663.28","6,863.39","3,581.04","37,260.66","1,259,369.00","68,833.15","1,346,388.35","3,379,101.81",13.55,"1,489,539.82","158,430.66",0.00,459.59,"93,676.79",0.01,0.00,"20,231.23",0.00,77.00,"43,986.04",0.00,0.00,"1,544,831.70","186,286.40","177,515.54"
,29-Oct-2021,"2,917,688.94",17.65,"2,917,706.59","114,228.36","2,802,933.16",545.07,0.00,"2,106,097.64",100.07,0.00,42.48,"663,314.11","7,271.77","3,484.43","36,704.21","1,301,553.00","93,627.19","1,377,511.51","3,483,609.15",17.70,"1,556,219.96","195,197.51",0.00,"1,965.90","93,597.00",0.10,0.00,"21,901.97",0.00,73.00,"77,659.54",0.00,0.00,"1,546,119.20","186,054.68","177,912.46"
,24-Sep-2021,"2,897,814.71",15.00,"2,897,829.41","109,138.40","2,788,031.75",659.26,0.00,"2,097,054.00",100.59,0.00,42.45,"638,826.02","7,013.85","3,431.07","38,103.72","1,361,253.00","48,283.33","1,317,714.53","3,414,769.00",14.74,"1,491,512.01","170,648.56",0.00,"7,976.22","92,381.81",35.03,0.00,"21,829.55",0.00,"3,757.00","44,668.95",0.00,0.00,"1,578,892.83","173,701.10","166,849.19"
,27-Aug-2021,"2,916,736.64",15.08,"2,916,751.72","111,365.64","2,804,666.61",719.47,0.00,"2,011,955.20",100.95,0.00,42.47,"641,437.49","6,681.95","3,546.14","37,424.37","1,292,462.00","30,259.40","1,318,099.52","3,330,054.50",15.13,"1,435,913.79","146,777.71",0.00,"3,080.49","91,806.33",35.00,0.00,"16,772.00",0.00,"6,634.00","28,449.89",0.00,0.00,"1,577,196.07","170,151.67","164,566.04"
,30-Jul-2021,"2,919,525.00",15.00,"2,919,541.00","115,119.00","2,803,635.97",786.00,0.00,"1,959,069.00",100.00,0.00,42.00,"674,997.00","7,455.00","3,582.00","37,177.00","1,209,139.00","26,576.00","1,383,256.00","3,342,325.00",15.00,"1,511,979.00","142,642.00",0.00,836.00,"91,796.00",0.00,0.00,"16,731.00",0.00,"6,609.00","26,670.00",0.00,0.00,"1,518,026.00","169,662.00","164,967.00"
,25-Jun-2021,"2,952,976.29",18.35,"2,952,994.59","112,026.47","2,840,317.58",650.60,0.00,"1,797,774.54",100.41,0.00,42.00,"622,355.95","6,671.04","3,526.58","36,284.80","1,071,108.00","57,685.19","1,365,759.91","3,163,534.45",18.39,"1,389,879.77","139,475.12",0.00,"6,526.13","90,829.34",0.00,0.00,"11,684.07",0.00,"4,115.00","26,320.57",0.00,0.00,"1,473,318.48","160,842.90","157,317.08"
,28-May-2021,"2,936,064.86",15.28,"2,936,080.14","115,897.77","2,819,499.36",683.00,0.00,"1,618,154.68",100.52,0.00,42.46,"645,726.35","7,191.18","3,717.05","36,088.04","924,064.00","1,225.23","1,300,815.89","2,918,970.57",15.32,"1,218,299.61","99,469.80",0.00,"6,472.81","90,092.86",0.00,0.00,"1,678.77",0.00,0.00,"1,225.36",0.00,0.00,"1,438,892.76","162,293.08","160,163.65"
,30-Apr-2021,"2,887,883.56",14.23,"2,887,898.00","110,440.16","2,776,758.90",698.73,0.00,"1,507,506.55",100.11,0.00,42.47,"579,344.31","6,487.41","3,310.96","32,481.74","885,731.00",8.30,"1,458,975.76","2,966,482.11",14.27,"1,296,637.16","118,253.71",0.00,"4,505.55","89,933.86",0.00,0.00,"17,077.00",0.00,"6,729.00",8.30,0.00,0.00,"1,397,597.32","153,978.98","152,269.02"
,26-Mar-2021,"2,831,727.00",11.00,"2,831,738.00","106,555.00","2,724,437.00",746.00,0.00,"1,504,697.00",100.00,0.00,42.00,"542,693.00","6,529.00","3,204.00","31,820.00","895,440.00","24,868.30","1,343,670.00","2,848,367.00",11.00,"1,204,135.00","149,907.00",0.00,"1,674.00","90,275.00",0.00,0.00,"26,422.00",0.00,"6,678.00","24,858.00",0.00,0.00,"1,331,670.69","162,643.00","146,572.00"
,26-Feb-2021,"2,809,858.00",21.00,"2,809,878.75","110,589.23","2,698,473.57",815.69,0.00,"1,532,207.00",100.69,0.00,42.48,"462,156.08","5,256.81","2,429.78","27,383.29","1,018,787.00","16,049.91","1,415,427.59","2,947,633.86",20.54,"1,314,777.41","151,641.63",0.00,"3,937.65","84,650.68",35.00,0.00,"26,847.77",0.00,"6,662.00","29,508.53",0.00,0.00,"1,322,117.65","159,077.12","149,649.34"
,29-Jan-2021,"2,780,044.91",13.00,"2,780,057.86","114,391.48","2,664,787.56",878.82,0.00,"1,512,882.79",100.93,0.00,42.00,"476,348.99","6,536.25","2,619.03","26,396.87","987,112.00","13,726.14","1,440,271.53","2,953,154.32",13.00,"1,357,051.52","128,710.87",0.00,"4,769.49","84,597.00",0.00,0.00,"26,180.86",0.00,"6,643.00","6,520.52",0.00,0.00,"1,308,808.34","158,570.33","150,411.92"
,25-Dec-2020,"2,751,457.81",11.72,"2,751,469.53","116,647.43","2,633,879.69",942.41,0.00,"1,460,970.37",100.17,0.00,42.00,"457,718.56","5,506.64","2,586.48","27,481.23","962,753.00","4,781.97","1,476,078.27","2,937,048.64",11.76,"1,348,295.18","132,463.85",0.00,"3,946.00","77,318.00",0.00,0.00,"26,132.64",0.00,"9,241.00","15,826.21",0.00,0.00,"1,296,115.03","160,162.59","153,378.25"
,27-Nov-2020,"2,744,154.75",11.75,"2,744,167.00","113,222.30","2,630,160.07",785.00,0.00,"1,445,616.00",100.00,0.00,42.00,"461,900.00","5,546.87","2,414.00","27,333.26","944,501.00","3,778.00","1,462,954.00","2,908,570.50",11.80,"1,349,767.71","121,724.08",0.00,"2,112.08","77,097.00",0.00,0.00,"23,596.00",0.00,"9,216.00","9,703.00",0.00,0.00,"1,284,030.74","153,035.00","147,428.70"
,30-Oct-2020,"2,688,725.00",12.00,"2,688,737.00","117,206.00","2,570,667.00",864.00,0.00,"1,439,019.00",100.00,0.00,43.00,"453,999.00","5,623.00","2,405.00","26,036.00","950,693.00",120.00,"1,424,609.00","2,863,628.00",12.00,"1,300,811.00","166,678.00",0.00,"4,190.00","115,757.00",0.00,0.00,"23,320.00",0.00,"12,931.00","10,480.00",0.00,0.00,"1,239,726.81","156,400.00","151,494.00"
,25-Sep-2020,"2,656,475.71",13.30,"2,656,488.94","115,902.48","2,539,861.77",724.68,0.00,"1,311,570.00",100.00,0.00,42.48,"429,914.82","5,212.60","2,453.00","26,029.00","843,575.00","4,243.00","1,383,243.00","2,694,813.06",13.28,"1,169,932.00","185,397.82",0.00,"10,515.82","121,495.00",35.00,0.00,"25,286.00",0.00,"12,776.00","15,290.00",0.00,0.00,"1,187,026.41","152,443.00","149,068.52"
,28-Aug-2020,"2,654,095.89",23.04,"2,654,119.00","119,425.00","2,533,942.72",750.90,0.00,"1,373,902.14",100.03,0.00,42.49,"439,410.75","5,183.00","2,416.38","25,784.87","897,611.00","3,354.00","1,419,535.00","2,793,437.00",23.10,"1,151,725.00","299,725.30",0.00,"9,032.68","253,644.61",0.00,0.00,"24,803.00",0.00,"9,619.00","2,626.00",0.00,0.00,"1,186,205.36","155,757.00","153,600.00"
,31-Jul-2020,"2,646,131.13",13.21,"2,646,144.33","123,865.60","2,521,510.00",768.01,0.00,"1,281,734.00",100.04,0.00,42.49,"435,414.16","5,443.00","2,536.05","25,694.10","805,280.00","7,225.00","1,544,130.00","2,825,863.67",13.26,"1,180,773.71","305,169.61",0.00,"4,857.00","258,424.61",0.00,0.00,"25,013.00",0.00,"9,649.00","7,226.00",0.00,0.00,"1,180,830.65","159,076.00","157,597.40"
,26-Jun-2020,"2,634,067.38",15.21,"2,634,082.00","112,397.00","2,520,899.00",786.00,0.00,"1,195,948.00",100.17,0.00,42.50,"430,194.42","5,596.65","2,500.00","25,609.86","718,167.00","13,737.00","1,506,674.92","2,702,623.21",15.00,"1,044,240.00","330,166.11",0.00,"3,416.25","290,512.00",0.00,0.00,"22,050.86",0.00,"7,239.00","6,948.00",0.00,0.00,"1,171,426.00","156,776.00","141,212.46"
,29-May-2020,"2,590,152.80",16.04,"2,590,168.79","109,836.55","2,479,520.88",811.00,0.00,"1,170,867.00",100.53,0.00,42.48,"435,221.86","5,619.36","2,575.08","25,556.66","694,192.00","7,559.00","1,468,659.00","2,639,526.17",16.10,"990,118.00","325,611.54",0.00,"7,186.57","291,023.11",0.00,0.00,"22,000.00",0.00,"5,401.86",,0.00,0.00,"1,174,490.47","149,289.00","137,294.45"
,24-Apr-2020,"2,496,611.00",12.00,"2,496,622.64","112,279.51","2,383,506.11",837.01,0.00,"1,222,589.05",100.10,0.00,43.00,"423,731.00","5,255.00","2,673.17","25,518.83","765,191.00",77.00,"1,462,216.00","2,684,805.36",12.07,"1,019,119.78","413,140.39","111,985.00","1,063.40","288,193.99",0.00,0.00,0.00,0.00,"4,162.00","7,736.00",0.00,0.00,"1,102,738.31","149,794.00","139,271.49"
,27-Mar-2020,"2,412,992.55",10.48,"2,413,003.02","103,439.00","2,308,717.52",846.36,0.00,"1,187,409.00",100.02,0.00,42.51,"536,186.38","7,602.74","3,444.93","32,641.44","605,100.00","2,291.00","1,350,333.00","2,537,742.00",10.00,"1,006,357.00","350,430.20","50,476.52","1,966.68","285,623.00",0.00,0.00,0.00,0.00,"10,064.00","2,300.00",0.00,0.00,"1,042,950.19","137,993.00","127,644.00"
,28-Feb-2020,"2,321,924.00",13.00,"2,321,937.00","100,833.00","2,220,225.00",879.15,0.00,"990,617.85",100.00,0.00,42.47,"550,032.86","6,739.11","3,131.57","31,600.20","398,150.00",822.00,"1,219,283.00","2,209,900.87",13.00,"1,022,250.00","74,300.04","5,081.00","2,882.04","54,186.00",0.00,0.00,0.00,0.00,"1,815.00","10,336.00",0.00,0.00,"983,802.50","129,535.00","120,566.00"
,31-Jan-2020,"2,284,695.00",11.00,"2,284,706.22","95,254.00","2,188,733.33",718.53,0.00,"994,029.68",101.00,0.00,42.48,"550,704.20","6,841.00","3,002.00","31,707.00","400,909.00",724.00,"1,161,436.00","2,155,466.00",10.88,"955,641.00","96,810.06","73,545.40","1,209.66","16,915.00",0.00,0.00,0.00,0.00,"4,416.00",724.00,0.00,0.00,"983,669.59","119,334.00","111,664.64"
,27-Dec-2019,"2,244,106.19",12.29,"2,244,118.47","89,990.23","2,153,365.08",763.17,0.00,"913,131.79",101.00,0.00,42.46,"541,417.41","6,593.16","2,698.00","31,221.00","331,060.21",,"1,145,007.00","2,058,138.53",12.34,"903,533.00","37,017.59",0.00,"2,111.70","30,427.00",0.00,0.00,0.00,0.00,"4,478.89",,0.00,0.00,"1,005,801.67","111,774.00","105,493.77"
,29-Nov-2019,"2,230,697.00",11.70,"2,230,708.65","88,260.73","2,141,628.13",819.79,0.00,"896,950.09",100.08,0.00,42.46,"542,974.53","4,657.26","2,784.18","31,478.59","313,483.00","1,430.00","1,135,150.00","2,032,100.35",11.73,"891,144.00","29,185.63",0.00,"1,260.80","23,012.00",0.00,0.00,0.00,0.00,"4,912.83",,0.00,0.00,"1,003,899.60","107,858.00","102,903.27"
,25-Oct-2019,"2,231,089.55",11.07,"2,231,100.63","89,776.58","2,140,619.32",704.73,0.00,"830,440.03",100.21,0.00,43.00,"548,240.47","4,492.00","2,856.60","32,264.00","241,723.00",721.00,"1,093,743.00","1,924,183.37",11.10,"794,682.00","29,379.64",0.00,669.64,"22,273.00",0.00,0.00,0.00,0.00,"5,716.00",721.00,0.00,0.00,"994,052.61","106,057.00","102,091.42"
,27-Sep-2019,"2,160,124.00",13.00,"2,160,136.84","89,944.72","2,069,429.50",762.62,0.00,"882,826.00",100.75,0.00,42.00,"532,441.97","4,198.90","2,743.15","30,680.45","311,557.00","1,061.00","1,064,818.00","1,947,644.16",12.95,"789,658.00","54,081.04",0.00,459.04,"47,478.00",0.00,0.00,0.00,0.00,"6,139.00",5.00,0.00,0.00,"1,000,115.53","103,776.00","100,272.28"
,30-Aug-2019,"2,150,381.58",11.08,"2,150,392.66","93,095.31","2,056,512.09",785.26,0.00,"838,350.23",100.66,0.00,42.49,"538,143.09","4,190.11","2,650.51","30,810.28","262,413.00",,"1,104,241.00","1,942,591.34",11.12,"797,721.00","37,378.98",0.00,605.98,"31,140.00",0.00,0.00,0.00,0.00,"5,633.00",,0.00,0.00,"1,000,908.88","106,571.00","103,783.69"
,26-Jul-2019,"2,149,553.05",12.65,"2,149,565.71","82,571.52","2,066,181.49",812.70,0.00,"759,396.17",100.49,0.00,42.00,"525,908.15","4,082.91","2,618.36","30,326.66","196,317.11",,"1,134,310.00","1,893,706.29",12.70,"710,469.00","73,395.76","37,084.00",895.61,"29,570.00",0.00,0.00,0.00,0.00,"5,846.15",,0.00,0.00,"987,096.49","122,731.00","92,052.48"
,28-Jun-2019,"2,163,530.20",9.32,"2,163,539.00","75,781.84","2,086,924.16",833.00,0.00,"745,515.07",100.11,0.00,42.48,"572,012.70","3,997.00","2,660.76","30,866.18","135,836.40",,"1,130,945.00","1,876,460.00",9.36,"692,694.00","69,233.39","6,596.00","1,661.39","54,185.00",0.00,0.00,0.00,0.00,"6,791.00",,0.00,0.00,"985,766.55","128,757.00","84,483.16"
,31-May-2019,"2,171,369.76",11.02,"2,171,380.78","75,782.00","2,094,736.00",862.97,0.00,"680,897.00",100.57,0.00,42.10,"536,415.07","3,910.12","2,583.94","30,172.07","107,673.13",,"1,143,601.00","1,824,498.22",11.07,"680,328.00","53,353.80",0.00,"1,321.74","44,976.00",35.02,0.00,0.00,0.00,"7,021.04",,0.00,0.00,"962,890.17","127,915.00","84,483.00"
,26-Apr-2019,"2,154,070.00",13.00,"2,154,082.78","76,149.62","2,077,022.68",910.48,0.00,"724,185.00",100.43,0.00,42.48,"522,943.62","4,154.77","2,618.72","30,744.49","160,802.00","2,779.00","1,131,465.00","1,855,650.22",12.83,"685,516.00","112,650.94",0.00,65.94,"105,478.00",0.00,0.00,,,"6,767.00",340.00,0.00,0.00,"929,534.59","127,935.00","85,042.38"
,29-Mar-2019,"2,113,764.00",11.16,"2,113,775.00","79,480.99","2,033,559.00",734.78,0.00,"806,012.00",101.00,0.00,43.00,"565,707.00","4,197.00","3,494.00","32,036.00","199,734.00",700.00,"1,087,686.00","1,893,698.00",11.21,"646,640.00","194,861.00",0.00,10.00,"180,688.00",0.00,0.00,0.00,0.00,"13,463.00",700.00,0.00,0.00,"923,080.00","129,106.00","87,169.01"
,22-Feb-2019,"2,081,581.54",11.00,"2,081,593.11","77,604.07","2,003,207.59",781.45,0.00,"653,451.87",100.89,0.00,42.47,"503,336.00","3,546.72","2,420.00","28,801.00","114,483.00",722.00,"1,158,897.00","1,812,349.00",11.00,"675,711.00","153,168.48",0.00,547.48,"147,395.00",0.00,0.00,0.00,0.00,"4,504.00",722.00,0.00,0.00,"886,735.64","96,723.00","84,100.93"
,25-Jan-2019,"2,035,956.68",11.96,"2,035,968.64","73,692.86","1,961,475.01",800.77,0.00,"618,525.73",100.35,0.00,42.46,"493,113.56","3,444.68","2,253.98","28,324.91","91,245.80",,"1,143,107.00","1,761,633.36",12.01,"710,752.00","105,665.86",0.00,918.98,"99,949.00",0.00,0.00,0.00,0.00,"4,797.88",,0.00,0.00,"854,193.74","91,009.00","79,312.14"
,28-Dec-2018,"1,999,241.36",12.98,"1,999,254.34","71,943.18","1,926,484.34",826.81,0.00,"705,087.37",100.27,0.00,43.00,"533,173.16","3,441.99","2,142.44","28,611.70","137,575.36",,"1,055,947.00","1,761,033.66",13.02,"674,899.00","194,841.75",0.00,761.86,"188,109.00",0.00,0.00,0.00,0.00,"5,970.89",,0.00,0.00,"807,078.29","84,202.00","75,910.82"
,30-Nov-2018,"1,970,113.00",10.00,"1,970,123.00","71,943.00","1,897,340.00",840.10,0.00,"641,865.00",100.84,0.00,42.45,"501,778.62","3,404.11","1,985.02","28,147.17","104,997.00","1,410.00","1,043,729.00","1,685,594.00",10.14,"694,210.00","152,711.49","31,659.00",718.49,"113,296.00",0.00,0.00,0.00,0.00,"5,628.00","1,410.00",0.00,0.00,"746,230.07","82,598.00","75,382.00"
,26-Oct-2018,"1,935,566.00",11.51,"1,935,578.24","73,561.52","1,861,142.28",874.44,0.00,"622,977.66",100.32,0.00,43.00,"474,760.59","3,459.35","1,989.00","27,807.00","114,076.00",743.00,"1,152,138.00","1,775,116.00",11.55,"861,453.00","141,012.61",0.00,"1,781.61","132,608.00",0.00,0.00,0.00,0.00,"5,880.00",743.00,0.00,0.00,"689,653.40","82,985.00","75,328.00"
,28-Sep-2018,"1,899,546.75",13.00,"1,899,560.09","72,079.51","1,826,575.20",905.38,0.00,"721,022.26",100.12,0.00,43.00,"505,126.67","3,576.33","2,135.72","28,571.32","180,020.00","1,449.00","1,129,472.00","1,850,493.91",13.37,"927,651.55","187,169.42",0.00,245.26,"179,616.00",35.16,0.00,0.00,0.00,"5,824.00","1,449.00",0.00,0.00,"655,878.72","79,781.00","72,726.49"
,31-Aug-2018,"1,901,937.05",12.91,"1,901,949.96","72,079.51","1,828,946.73",923.00,0.00,"631,562.01",100.23,0.00,42.49,"475,461.20","3,637.21","1,910.89","27,649.00","122,055.00",707.00,"1,062,214.00","1,693,776.00",12.95,"861,981.71","113,027.28","43,992.00",445.12,"61,661.00",35.16,0.00,0.00,0.00,"6,187.00",707.00,0.00,0.00,"641,608.09","77,146.00","70,922.49"
,27-Jul-2018,"1,896,803.07",10.50,"1,896,813.57","74,348.55","1,821,532.44",932.58,0.00,"583,535.85",100.03,0.00,42.47,"473,857.17","3,517.04","2,012.41","27,168.27","76,839.00",,"1,036,328.00","1,619,864.43",10.54,"806,531.48","82,748.24",0.00,171.38,"76,295.00",0.00,0.00,0.00,0.00,"6,281.86",,0.00,0.00,"643,351.11","87,223.00","71,041.45"
,29-Jun-2018,"1,917,427.33",8.76,"1,917,436.09","74,356.23","1,842,154.04",925.82,0.00,"617,725.44",100.90,0.00,42.49,"492,212.87","3,686.08","1,881.60","27,421.04","92,380.45",,"1,030,700.00","1,648,424.91",8.79,"792,582.00","124,027.90","25,322.00",643.30,"91,826.00",0.00,0.00,0.00,0.00,"6,236.60",,0.00,0.00,"636,153.12","95,653.00","69,792.77"
,25-May-2018,"1,905,055.63",12.93,"1,905,068.56","75,379.42","1,828,760.56",928.59,0.00,"610,601.86",100.38,0.00,42.50,"470,853.55","3,730.06","1,943.61","26,819.28","107,112.47",,"1,017,051.00","1,627,653.44",12.97,"840,965.00","65,587.48",0.00,"1,310.70","58,179.00",0.00,0.00,0.00,0.00,"6,097.78",,0.00,0.00,"628,721.73","92,366.00","69,538.58"
,27-Apr-2018,"1,877,971.38",12.13,"1,877,983.51","72,899.99","1,804,431.42",652.10,0.00,"649,694.85",100.67,0.00,42.51,"490,061.83","4,250.43","2,062.94","28,100.55","629,030.33",,"980,178.00","1,629,872.49",12.17,"858,490.00","53,473.24",0.00,0.00,"47,576.00",0.00,0.00,0.00,0.00,"5,897.24",,0.00,0.00,"1,258,060.66","88,868.00","67,018.01"
,30-Mar-2018,"1,804,420.00",14.57,"1,804,435.14","73,381.30","1,730,370.46",684.00,0.00,"985,476.00","6,807.64",0.00,650.57,"525,685.53","4,828.23","2,549.08","30,565.79","414,388.00",,"914,127.00","1,899,603.00",14.61,"888,795.00","285,426.60",0.00,738.77,"273,978.00",35.00,0.00,0.00,0.00,"10,674.83",,0.00,0.00,"636,975.56","88,390.00","67,337.00"
,23-Feb-2018,"1,756,660.94",17.63,"1,756,678.57","71,763.95","1,684,224.62",690.01,0.00,"795,710.70",101.00,"94,673.00",42.45,"458,979.68","3,448.30","2,002.90","26,096.93","210,366.53",,"905,698.00","1,701,409.43",17.69,"902,347.00","83,252.15",0.00,615.90,"78,140.00",0.00,0.00,0.00,0.00,"4,496.25",,0.00,0.00,"641,376.59","74,416.00","65,257.05"
,26-Jan-2018,"1,712,961.73",16.86,"1,712,978.59","68,374.92","1,643,892.79",710.89,0.00,"812,467.59",101.00,"94,673.00",42.47,"456,611.76","3,883.01","1,890.56","26,403.12","228,862.72",,"867,515.00","1,679,984.00",16.92,"879,857.00","82,968.51",0.00,"3,179.92","75,672.00",0.00,0.00,0.00,0.00,"4,116.59",,0.00,0.00,"646,958.65","70,182.00","62,175.00"
,29-Dec-2017,"1,667,668.52",16.46,"1,667,684.98","69,906.24","1,597,043.92",734.82,0.00,"850,562.88",101.00,"94,673.00",42.48,"488,332.35","3,614.09","1,848.37","26,004.69","235,947.25",,"861,390.00","1,711,952.02",16.52,"888,223.00","96,884.80",0.00,"4,142.29","86,966.00",0.00,0.00,0.00,0.00,"5,776.52",,0.00,0.00,"655,819.94","71,008.00","63,573.76"
,24-Nov-2017,"1,634,450.33",17.33,"1,634,467.66","70,152.16","1,563,548.23",767.26,0.00,"803,314.87",100.00,"94,673.00",42.45,"436,590.05","3,654.64","1,932.76","25,877.15","240,444.52",,"885,209.00","1,688,524.34",17.38,"895,804.00","63,884.28",0.00,"2,903.02","56,272.00",0.00,0.00,0.00,0.00,"4,709.26",,0.00,0.00,"660,035.67","68,783.00","63,715.84"
,27-Oct-2017,"1,609,193.71",16.35,"1,609,210.06","72,745.63","1,535,667.09",797.33,0.00,"814,928.73",101.00,"94,673.00",42.47,"437,059.46","3,400.70","1,754.46","25,532.36","252,365.43",,"887,617.00","1,702,545.94",16.40,"920,753.00","37,827.56",0.00,253.30,"32,740.00",0.00,0.00,0.00,0.00,"4,834.26",,0.00,0.00,"673,424.00","70,526.00","66,072.37"
,29-Sep-2017,"1,563,250.92",16.52,"1,563,267.45","69,413.97","1,493,000.09",853.39,0.00,"889,025.83","2,891.00","94,673.00",42.47,"453,405.53","3,517.44","1,678.02","25,875.30","306,943.31",,"904,304.00","1,793,330.00",16.57,"982,565.00","46,252.59",0.00,"1,636.48","40,530.00",0.00,0.00,0.00,0.00,"4,086.11",,0.00,0.00,"697,611.00","66,885.00","63,046.00"
,25-Aug-2017,"1,540,049.46",15.30,"1,540,064.76","66,968.53","1,472,582.13",514.09,0.00,"884,345.68","1,393.00","94,673.00",838.13,"453,544.83","3,776.39","1,754.18","25,795.66","302,570.07",,"842,805.00","1,727,150.00",15.35,"926,592.00","8,776.80",0.00,"1,129.00","3,270.00",0.00,0.00,0.00,0.00,"4,377.80",,0.00,0.00,"728,596.00","63,170.00","60,825.47"
,28-Jul-2017,"1,515,779.59",13.14,"1,515,792.73","69,035.51","1,446,199.40",557.83,0.00,"873,964.63",100.00,"94,673.00",42.47,"443,264.00","3,574.44","1,840.38","25,197.78","304,629.00",644.00,"878,587.00","1,751,908.27",13.19,"942,003.00","7,803.00",0.00,"1,761.00","1,735.00",0.00,0.00,0.00,0.00,"3,662.00",645.00,0.00,0.00,"738,365.00","64,368.00","62,702.49"
,30-Jun-2017,"1,506,319.00",12.00,"1,506,331.00","69,030.00","1,436,689.00",612.00,0.00,"896,348.00",101.00,"94,673.00",43.00,"472,990.00","3,636.00","1,530.00","25,994.00","297,381.00",,"901,415.00","1,797,763.00",12.00,"931,994.00","17,255.97","2,550.00","2,418.40","8,025.00",0.00,0.00,0.00,0.00,"4,262.57",,0.00,0.00,"759,120.00","89,381.00","62,702.00"
,26-May-2017,"1,462,757.14",18.32,"1,462,775.45","68,778.79","1,393,304.11",692.55,0.00,"931,246.39",100.00,"94,673.00",42.47,"432,950.25","3,826.48","1,690.89","25,353.39","372,609.50",,"856,584.00","1,787,829.55",18.39,"920,077.00","41,531.84","34,855.00","1,015.64","2,285.00",35.00,0.00,0.00,0.00,"3,341.20",,0.00,0.00,"748,273.00","77,930.00","62,473.21"
,28-Apr-2017,"1,406,952.35",15.56,"1,406,967.91","67,508.27","1,338,685.64",774.01,0.00,"942,626.53",100.00,"47,306.00",42.46,"448,213.10","4,081.89","1,717.68","25,345.50","415,819.67",,"832,655.00","1,775,283.09",15.63,"925,947.00","20,463.63","15,741.00",824.88,"1,825.00",0.00,0.00,0.00,0.00,"2,072.75",,0.00,0.00,"753,060.00","75,797.00","61,319.00"
,31-Mar-2017,"1,310,180.97",12.18,"1,310,193.16","67,508.27","1,242,234.54",450.35,0.00,"1,038,942.52","5,000.02",0.00,42.45,"508,772.84","5,513.07","1,891.90","27,948.67","489,773.57",,"841,118.00","1,880,060.84",12.26,"1,026,349.00","27,062.98",0.00,"1,262.20","21,810.00",0.00,0.00,0.00,0.00,"3,990.78",,0.00,0.00,"752,811.00","73,826.00","61,318.73"
,24-Feb-2017,"1,139,531.71",13.98,"1,139,545.70","68,399.44","1,070,555.93",590.33,0.00,"1,160,368.50",268.00,"148,564.00",270.80,"435,402.65","3,733.79","1,630.11","25,376.40","545,122.24",,"916,255.00","2,076,624.00",14.05,"1,226,429.00","14,528.26",0.00,"1,890.13","10,325.00",0.00,0.00,0.00,0.00,"2,313.13",,0.00,0.00,"763,360.00","72,292.00","62,128.56"
,27-Jan-2017,"992,104.89",16.02,"992,120.91","66,177.32","924,370.29",526.87,"1,046.43","1,304,462.12",100.00,"392,270.00",42.48,"434,185.49","3,907.39","1,666.14","25,354.57","446,935.64",,"960,341.00","2,264,803.09",16.09,"1,415,491.00","17,530.09",0.00,"1,863.41","13,200.00",0.00,0.00,0.00,0.00,"2,466.68",,0.00,0.00,"763,087.00","68,679.00","60,109.68"
,30-Dec-2016,"913,763.01",17.49,"913,780.49","71,757.00","840,303.65",673.76,"1,046.43","1,388,908.27",101.00,"498,955.00",42.47,"449,574.95","3,775.50","1,900.74","25,724.13","408,834.85",,"952,995.00","2,341,902.51",17.56,"1,473,102.00","20,597.49",0.00,"1,528.81","15,475.00",0.00,0.00,0.00,0.00,"3,593.68",,0.00,0.00,"775,806.00","72,380.00","65,178.00"
,25-Nov-2016,"1,164,237.09",32.11,"1,164,269.20","71,683.00","1,090,975.90",564.07,"1,046.43","1,138,927.80","15,388.71",0.00,42.48,"417,288.54","3,579.22","1,423.02","23,252.22","677,953.61",,"967,221.00","2,106,148.80",32.19,"1,268,283.00","7,357.91",0.00,"1,421.23","3,070.00",0.00,0.00,0.00,0.00,"2,866.68",,0.00,0.00,"757,727.00","72,749.00","65,111.00"
,28-Oct-2016,"1,754,022.00",13.00,"1,754,035.00","74,774.00","1,678,108.00",107.00,"1,046.00","607,157.00",100.00,0.00,43.00,"418,413.00","3,643.00","1,531.00","22,735.00","160,692.00",,"916,714.00","1,523,871.00",13.00,"628,117.00","59,383.00",0.00,"1,804.00","52,512.00",0.00,0.00,0.00,,"5,067.00",,,,"755,738.00","80,620.00","67,919.00"
,30-Sep-2016,"1,704,605.00",12.59,"1,704,618.25","75,965.00","1,627,460.00",146.60,"1,046.43","630,163.00",100.12,0.00,42.49,"412,405.90","3,540.13","1,400.88","22,511.04","190,163.24",,"939,912.00","1,570,075.00",12.63,"699,776.79","41,962.17",0.00,"3,209.17","34,367.00",0.00,0.00,0.00,0.00,"4,386.00",,0.00,0.00,"744,572.56","83,750.00","67,919.00"
,26-Aug-2016,"1,709,521.78",12.82,"1,709,534.60","75,820.56","1,632,478.30",190.00,"1,046.43","549,821.18",100.54,0.00,42.49,"396,889.20","3,449.51","1,503.79","21,612.34","126,223.32",,"942,708.00","1,492,529.00",12.86,"670,391.97","11,383.15",0.00,"1,514.42","5,089.00",0.00,0.00,0.00,0.00,"4,779.73",,0.00,0.00,"725,849.70","84,891.00","68,869.64"
,29-Jul-2016,"1,701,111.00",12.42,"1,701,128.63","72,907.11","1,626,993.21",181.87,"1,046.43","501,750.02",100.95,0.00,42.46,"402,534.80","3,560.90","1,529.72","21,475.72","72,505.46",,"990,935.00","1,492,683.00",12.47,"674,309.07","32,605.62",0.00,"1,230.09","26,116.00",0.00,0.00,0.00,0.00,"5,259.53",,0.00,0.00,"704,300.67","81,457.00","66,222.64"
,24-Jun-2016,"1,710,503.24",16.88,"1,710,520.12","71,589.85","1,637,668.54",215.29,"1,046.43","524,633.84",100.37,0.00,42.46,"394,021.13","3,419.95","1,357.98","21,229.77","104,462.16",,"1,017,853.89","1,542,487.73",16.92,"664,590.17","89,028.77",0.00,"1,059.60","82,743.00",0.00,0.00,0.00,0.00,"5,226.17",,0.00,0.00,"702,047.55","86,804.33","65,026.78"
,27-May-2016,"1,711,079.29",14.40,"1,711,093.69","69,862.84","1,639,940.19",244.23,"1,046.43","499,602.65",100.38,0.00,42.47,"383,947.89","3,373.44","1,436.72","20,961.42","89,740.31",,"995,707.61","1,495,310.26",14.45,"634,044.60","101,577.38",0.00,556.16,"95,740.00",0.00,0.00,0.00,0.00,"5,281.22",,0.00,0.00,"676,101.48","83,572.36","63,458.10"
,29-Apr-2016,"1,697,978.80",13.13,"1,697,991.93","69,919.62","1,626,742.99",282.89,"1,046.43","489,715.33",100.92,0.00,42.48,"398,271.71","3,587.50","1,337.00","21,288.42","65,087.02",,"986,916.18","1,476,631.51",13.18,"648,807.90","96,458.60",0.00,"1,839.38","88,650.00",0.00,0.00,0.00,0.00,"5,969.22",,0.00,0.00,"648,376.35","82,975.49","63,510.38"
,25-Mar-2016,"1,651,244.27",15.54,"1,651,259.81","69,485.62","1,580,414.08",313.69,"1,046.43","648,157.24",100.67,0.00,198.71,"390,619.21","3,797.04","1,407.38","21,108.03","230,925.00",,"962,782.17","1,610,939.41",15.59,"655,324.85","262,354.56",0.00,"1,192.21","246,569.00",0.00,0.00,0.00,0.00,"14,593.35",,0.00,0.00,"612,294.12","80,950.30","63,116.44"
,26-Feb-2016,"1,599,261.52",14.70,"1,599,276.22","62,942.50","1,535,182.13",105.15,"1,046.43","561,979.16",100.17,0.00,42.48,"386,250.08","3,375.84","1,278.87","20,413.50","150,518.22",,"983,610.79","1,545,589.95",14.74,"715,694.77","184,803.83",0.00,"1,538.92","177,463.00",35.36,0.00,0.00,0.00,"5,766.55",,0.00,0.00,"570,692.53","74,384.08","57,175.84"
,29-Jan-2016,"1,562,664.33",14.54,"1,562,678.87","59,918.08","1,501,401.65",312.72,"1,046.43","573,834.79",100.53,0.00,42.47,"383,187.15","3,468.12","1,358.03","20,038.11","165,640.38",,"949,226.22","1,523,061.01",14.59,"733,305.39","159,465.69",0.00,237.19,"153,530.00",35.16,0.00,0.00,0.00,"5,663.34",,0.00,0.00,"558,242.09","72,033.27","54,428.92"
,25-Dec-2015,"1,548,592.08",15.74,"1,548,607.82","61,423.06","1,486,017.34",120.98,"1,046.43","612,956.79",186.69,0.00,139.24,"409,037.95","3,430.37","1,289.09","20,232.64","178,640.82",,"911,813.03","1,524,769.82",15.80,"714,573.09","199,746.48",0.00,"1,318.91","193,236.00",35.00,0.00,0.00,0.00,"5,156.57",,0.00,0.00,"539,016.68","71,417.77","55,795.61"
,27-Nov-2015,"1,533,575.00",14.86,"1,533,590.00","63,883.20","1,468,370.00",288.06,"1,046.43","518,840.34",100.71,0.00,42.48,"387,045.00","3,313.36","1,249.17","19,908.63","107,181.00",,"928,751.46","1,447,590.00",14.93,"738,824.00","110,366.73",0.00,256.96,"104,322.00",0.00,0.00,0.00,0.00,"5,787.77",,0.00,0.00,"525,244.00","73,142.50","58,030.40"
,30-Oct-2015,"1,495,150.83",16.01,"1,495,166.85","62,530.99","1,431,477.02",112.41,"1,046.43","520,224.21",100.59,0.00,42.45,"375,507.74","3,427.54","1,259.57","19,725.17","120,161.15",,"893,163.32","1,413,387.53",16.08,"745,214.73","69,671.73",0.00,"3,432.07","60,800.00",0.00,0.00,0.00,0.00,"5,439.67",,0.00,0.00,"526,610.76","71,874.23","56,802.03"
,25-Sep-2015,"1,471,608.50",16.90,"1,471,625.40","62,662.97","1,407,730.50",185.50,"1,046.43","532,865.58",135.64,0.00,46.72,"374,245.53","3,248.76","1,206.08","19,398.54","134,584.31",,"907,751.86","1,440,617.44",16.96,"775,154.35","66,833.02",0.00,"2,771.85","58,813.00",0.00,0.00,0.00,0.00,"5,248.17",,0.00,0.00,"523,670.44","74,942.67","56,921.92"
,28-Aug-2015,"1,458,066.71",14.50,"1,458,081.21","61,209.04","1,395,643.54",182.20,"1,046.43","507,670.35",100.99,0.00,42.47,"367,713.01","3,274.06","1,233.60","19,209.60","116,096.61",,"911,765.44","1,419,435.78",14.54,"790,877.21","21,279.20",0.00,"2,273.03","14,198.00",35.00,0.00,0.00,0.00,"4,773.17",,0.00,0.00,"529,806.31","77,458.52","55,601.19"
,31-Jul-2015,"1,455,016.75",10.79,"1,455,027.54","61,209.04","1,392,577.75",194.32,"1,046.43","492,311.35",100.75,0.00,42.47,"365,724.99","3,336.70","1,324.17","19,052.17","102,730.10",,"901,952.89","1,394,264.00",10.84,"740,298.60","35,285.23",0.00,"1,938.52","29,285.50",0.00,0.00,0.00,0.00,"4,061.21",,0.00,0.00,"538,615.00","80,054.71","55,601.00"
,26-Jun-2015,"1,477,434.56",16.55,"1,477,451.11","64,618.24","1,411,562.63",223.81,"1,046.43","510,663.89",100.98,0.00,42.48,"365,213.69","3,252.09","1,181.74","18,724.68","134,803.00",,"867,834.00","1,391,152.37",16.59,"713,021.20","83,152.44",0.00,875.15,"77,204.50",0.00,0.00,0.00,0.00,"5,072.79",,0.00,0.00,"519,863.86","75,098.27","58,698.05"
,29-May-2015,"1,491,893.58",13.09,"1,491,906.67","64,417.22","1,426,219.65",223.37,"1,046.43","527,618.60",100.81,0.00,42.47,"370,886.91","3,272.18","1,192.05","18,760.23","133,363.95",,"855,547.66","1,383,166.26",13.13,"686,009.29","102,285.81",0.00,349.67,"96,766.35",0.00,0.00,0.00,0.00,"5,169.79",,0.00,0.00,"521,262.78","73,595.25","58,515.45"
,24-Apr-2015,"1,472,751.03",11.91,"1,472,762.94","62,440.39","1,409,002.96",273.16,"1,046.43","518,332.35",100.24,0.00,42.47,"373,224.12","3,255.50","1,190.62","18,914.26","121,605.14",,"836,175.72","1,354,508.08",11.96,"641,717.90","120,081.07",0.00,"1,732.74","113,089.95",0.00,0.00,0.00,0.00,"5,258.38",,0.00,0.00,"521,619.38","71,077.76","56,719.73"
,27-Mar-2015,"1,426,494.58",11.77,"1,426,506.35","64,229.49","1,360,992.45",237.98,"1,046.43","595,369.39",100.87,0.00,"2,140.11","357,355.77","3,510.20","1,123.74","18,962.97","212,175.74",,"800,215.07","1,395,584.46",11.82,"640,876.88","156,925.71",0.00,"5,759.73","140,393.45",0.00,0.00,0.00,0.00,"10,772.53",,0.00,0.00,"526,032.42","71,737.64","58,344.92"
,27-Feb-2015,"1,406,411.92",12.36,"1,406,424.28","65,315.15","1,339,852.53",210.17,"1,046.43","517,244.50",100.72,0.00,42.50,"359,613.40","3,337.73",995.54,"18,111.16","135,043.46",,"788,413.66","1,305,658.16",12.42,"609,936.09","97,757.46",0.00,561.45,"92,502.40",0.00,0.00,0.00,0.00,"4,693.61",,0.00,0.00,"525,999.36","71,952.83","59,331.12"
,30-Jan-2015,"1,386,222.02",10.10,"1,386,232.13","64,307.25","1,320,692.59",185.85,"1,046.43","470,961.50",100.17,0.00,42.47,"342,132.01","3,602.76","1,085.91","17,933.20","106,064.98",,"780,864.18","1,251,825.69",10.15,"573,337.61","82,467.44",0.00,735.74,"77,064.60",0.00,0.00,0.00,0.00,"4,667.10",,0.00,0.00,"526,754.08","69,256.40","58,415.56"
,26-Dec-2014,"1,371,001.74",12.64,"1,371,014.38","61,653.29","1,308,130.95",183.71,"1,046.43","420,446.62",100.94,0.00,42.49,"345,848.29","3,352.40","1,050.76","17,705.77","52,345.98",,"855,603.01","1,276,049.63",12.68,"583,125.48","97,466.61",0.00,935.39,"92,071.20",0.00,0.00,0.00,0.00,"4,460.02",,0.00,0.00,"529,250.52","66,194.33","56,004.75"
,28-Nov-2014,"1,350,742.10",12.04,"1,350,754.14","63,514.27","1,286,067.25",126.18,"1,046.43","409,367.48",100.84,0.00,42.47,"349,829.60","3,313.79",714.35,"17,635.53","37,730.91",,"825,353.59","1,234,721.07",12.08,"531,746.84","90,209.34","10,560.00","1,098.68","75,636.50",0.00,0.00,0.00,0.00,"2,914.16",,0.00,0.00,"545,447.46","67,305.35","57,695.23"
,31-Oct-2014,"1,348,564.06",11.41,"1,348,575.46","63,514.27","1,283,755.48",259.28,"1,046.43","413,317.13",100.54,0.00,42.47,"340,038.64","3,309.38",656.39,"17,788.68","51,381.04",,"821,685.61","1,235,002.74",11.45,"516,275.38","80,270.40",0.00,742.88,"73,102.50",0.00,0.00,0.00,0.00,"6,425.02",,0.00,0.00,"565,670.70","72,774.82","57,695.23"
,26-Sep-2014,"1,316,074.37",9.99,"1,316,084.36","66,334.83","1,248,449.51",253.59,"1,046.43","403,132.91",100.26,0.00,42.46,"337,925.64","3,383.86",701.60,"17,337.44","43,641.65",,"835,997.85","1,239,130.76",10.03,"537,686.35","84,439.21",0.00,751.33,"74,516.00",35.25,0.00,0.00,0.00,"9,136.63",,0.00,0.00,"538,838.27","78,156.90","60,257.38"
,29-Aug-2014,"1,320,663.57",12.44,"1,320,676.00","66,843.84","1,252,575.86",209.87,"1,046.43","414,140.57","4,782.26",0.00,218.23,"359,539.46","3,470.63",719.21,"17,355.87","28,054.90",,"833,611.64","1,247,752.21",12.47,"527,646.82","98,664.50",0.00,716.33,"87,184.65",35.01,0.00,0.00,0.00,"10,728.51",,0.00,0.00,"540,240.74","81,187.68","60,719.75"
,25-Jul-2014,"1,330,783.78",12.02,"1,330,795.80","64,977.54","1,264,553.36",218.47,"1,046.43","397,703.03","10,998.64",0.00,42.46,"337,131.08","3,537.70",704.98,"16,934.84","28,353.33",,"885,351.54","1,283,054.57",12.05,"521,563.87","136,064.63",0.00,263.84,"125,473.35",0.00,0.00,0.00,0.00,"10,327.44",,0.00,0.00,"539,359.95","86,054.07","59,024.43"
,27-Jun-2014,"1,341,406.15",13.01,"1,341,419.16","64,312.37","1,275,871.83",188.54,"1,046.43","374,477.31",100.66,0.00,42.47,"338,489.56","3,502.12",497.83,"16,749.56","15,095.10",,"866,118.54","1,240,595.84",13.05,"471,517.73","30,474.88",0.00,581.16,"22,949.40",0.00,0.00,0.00,0.00,"6,944.32",,0.00,0.00,"664,447.21","74,142.98","58,420.20"
,30-May-2014,"1,348,032.49",12.16,"1,348,044.65","66,287.63","1,280,526.85",183.74,"1,046.43","371,206.95",100.53,0.00,42.50,"334,466.74","3,482.47",498.23,"16,880.52","15,735.96",,"827,869.75","1,199,076.70",12.19,"415,177.80","53,562.03","14,704.00",409.78,"31,249.85",35.00,0.00,0.00,0.00,"7,163.40",,0.00,0.00,"655,338.67","74,986.00","60,214.50"
,25-Apr-2014,"1,324,683.79",10.62,"1,324,694.41","67,919.23","1,255,523.10",205.65,"1,046.43","369,132.75",100.28,0.00,42.46,"332,113.18","3,534.05",517.59,"16,818.01","16,007.18",,"886,612.79","1,255,745.54",10.65,"480,101.60","57,251.19",0.00,"2,080.76","47,247.67",0.00,0.00,0.00,0.00,"7,922.75",,0.00,0.00,"642,156.98","76,225.11","61,696.62"
,28-Mar-2014,"1,283,511.01",16.88,"1,283,527.89","68,233.07","1,214,107.09",141.30,"1,046.43","472,136.34","53,425.10",0.00,42.47,"380,571.00","3,904.17",549.55,"17,491.75","16,152.31",,"856,795.38","1,328,931.72",16.92,"458,833.65","51,381.51",0.00,"1,488.33","42,178.32",0.00,0.00,0.00,0.00,"7,714.86",,0.00,0.00,"738,775.11","79,924.53","61,981.70"
,28-Feb-2014,"1,271,201.38",13.23,"1,271,214.61","68,233.07","1,201,835.01",100.10,"1,046.43","365,361.75",100.82,0.00,42.50,"330,254.07","3,359.43",404.03,"15,947.86","15,253.03",,"901,459.17","1,266,820.92",13.26,"460,490.27","42,938.88",0.00,314.01,"35,873.97",0.00,0.00,0.00,0.00,"6,750.90",,0.00,0.00,"679,914.28","83,464.23","61,981.70"
,31-Jan-2014,"1,254,641.06",12.42,"1,254,653.48","65,724.00","1,187,833.63",49.42,"1,046.43","385,777.01","32,059.49",0.00,42.47,"318,956.43","3,434.24",387.28,"15,792.70","15,104.41",,"891,316.83","1,277,093.84",12.46,"470,760.99","46,699.89",0.00,236.07,"38,653.22",0.00,0.00,0.00,0.00,"7,810.60",,0.00,0.00,"676,647.79","82,972.70","59,702.51"
,27-Dec-2013,"1,251,667.52",12.19,"1,251,679.71","67,362.15","1,183,020.07",251.06,"1,046.43","410,128.94","50,930.94",0.00,42.43,"323,641.44","3,195.64",306.24,"15,536.43","16,475.81",,"893,077.46","1,303,206.39",12.23,"489,719.29","49,738.10",0.00,770.12,"42,745.63",0.00,0.00,0.00,0.00,"6,222.35",,0.00,0.00,"677,004.41","86,732.36","61,190.57"
,29-Nov-2013,"1,245,025.33",12.75,"1,245,038.08","68,307.42","1,175,502.13",182.10,"1,046.43","368,927.90",100.97,0.00,42.48,"327,868.38","3,186.08",322.05,"15,426.63","21,981.32",,"895,702.64","1,264,630.54",12.78,"475,715.35","41,870.32",0.00,0.00,"39,100.72",0.00,0.00,0.00,0.00,"2,769.60",,0.00,0.00,"658,905.72","88,126.36","62,049.53"
,25-Oct-2013,"1,216,902.94",12.34,"1,216,915.28","71,597.90","1,144,096.62",174.33,"1,046.43","355,185.40",100.21,0.00,42.47,"317,925.95","3,278.91",312.75,"15,350.75","18,174.34",,"893,672.72","1,248,858.12",12.38,"429,851.07","48,052.33",0.00,864.45,"44,489.18",0.00,0.00,0.00,0.00,"2,698.70",,0.00,0.00,"680,077.59","90,864.74","65,038.61"
,27-Sep-2013,"1,186,268.77",10.21,"1,186,278.98","75,784.52","1,109,302.60",145.44,"1,046.43","364,637.82",100.21,0.00,42.45,"327,305.75","3,200.56",247.54,"15,113.25","18,628.05",,"891,301.98","1,255,939.80",10.26,"428,733.78","43,861.76",0.00,80.49,"41,231.10",0.00,0.00,0.00,0.00,"2,550.17",,0.00,0.00,"687,294.24","96,039.75","68,841.68"
,30-Aug-2013,"1,187,515.84",10.88,"1,187,526.72","66,441.12","1,119,937.44",101.74,"1,046.43","365,986.50",996.30,0.00,42.45,"326,689.90","3,341.66",244.79,"15,078.83","19,592.56",,"961,209.13","1,327,195.63",10.92,"533,688.55","46,118.46",0.00,29.00,"43,398.44",0.00,0.00,0.00,0.00,"2,691.02",,0.00,0.00,"666,025.00","81,352.37","60,354.26"
,26-Jul-2013,"1,190,265.31",11.64,"1,190,276.95","67,431.64","1,121,707.87",91.01,"1,046.43","349,340.57",100.46,0.00,42.49,"315,097.04","3,172.28",295.62,"14,287.57","16,345.11",,"805,336.59","1,154,677.17",11.69,"369,078.24","55,861.91","18,645.00",381.78,"34,434.31",30.00,0.00,0.00,0.00,"2,370.82",,0.00,0.00,"651,660.00","78,065.58","61,254.04"
,28-Jun-2013,"1,201,777.94",8.01,"1,201,785.95","67,596.50","1,132,896.62",246.40,"1,046.43","359,280.46",100.80,0.00,42.48,"328,771.72","3,427.77",249.85,"14,141.21","12,546.63",,"811,461.92","1,170,742.38",8.05,"397,046.94","25,929.27","1,572.00","1,244.57","22,124.03",0.00,0.00,0.00,0.00,988.66,,0.00,0.00,"676,079.67","71,678.46","61,403.80"
,31-May-2013,"1,212,726.66",11.93,"1,212,738.59","67,596.50","1,143,881.44",214.22,"1,046.43","322,470.34",100.68,0.00,42.47,"289,690.37","3,286.18",280.91,"14,168.53","14,901.21",,"733,617.64","1,056,087.98",12.00,"322,244.49","17,894.83",0.00,365.07,"16,235.76",0.00,0.00,0.00,0.00,"1,294.00",,0.00,0.00,"645,702.00","70,234.93","61,403.80"
,26-Apr-2013,"1,210,670.99",15.13,"1,210,686.12","73,222.46","1,136,382.46",34.77,"1,046.43","351,956.32","10,305.26",0.00,42.45,"311,331.60","3,221.52",292.51,"14,504.75","12,258.24",,"700,089.26","1,052,045.58",15.18,"302,573.11","31,368.65",0.00,485.37,"30,164.04",40.00,0.00,0.00,0.00,679.23,,,,"643,762.96","74,325.69","66,514.34"
,29-Mar-2013,"1,177,217.58",8.31,"1,177,225.89","74,085.11","1,101,902.05",192.30,"1,046.43","457,750.37","81,758.72",0.00,42.45,"342,423.93","4,129.40",237.33,"15,248.13","13,910.41",,"695,982.51","1,153,732.89",8.36,"316,194.24","44,136.41",0.00,370.49,"41,865.59",0.00,0.00,0.00,0.00,"1,900.33",,,,"718,500.50","74,893.38","67,297.96"
,22-Feb-2013,"1,163,405.81",14.24,"1,163,420.05","75,323.42","1,086,849.38",200.82,"1,046.43","400,575.73","75,438.46",0.00,42.47,"296,345.93","2,796.14",232.92,"13,772.16","11,947.66",,"691,600.38","1,092,176.11",14.30,"322,667.25","26,806.41",0.00,679.16,"25,373.62",0.00,0.00,0.00,0.00,753.63,,,,"668,199.53","74,488.62","68,422.83"
,25-Jan-2013,"1,143,652.79",14.03,"1,143,666.82","78,130.32","1,064,350.19",139.89,"1,046.43","381,756.14","40,539.12",0.00,107.26,"311,806.15","3,076.32",213.33,"14,134.41","11,879.56",,"696,340.09","1,078,096.24",14.07,"348,997.94","26,758.86",0.00,202.53,"24,680.27",0.00,0.00,0.00,0.00,"1,876.06",,,,"625,946.45","76,378.92","70,972.58"
,28-Dec-2012,"1,127,261.83",7.89,"1,127,269.72","79,439.09","1,046,697.25",86.95,"1,046.43","408,955.41","82,560.37",0.00,42.49,"297,261.37","3,088.47",165.31,"13,881.68","11,955.73",,"723,079.34","1,132,034.75",7.95,"394,459.07","27,677.40",,710.37,"24,425.28",,,,,"2,541.75",,,,"632,796.45","77,093.89","72,161.45"
,30-Nov-2012,"1,125,841.08",16.63,"1,125,857.71","79,439.09","1,045,162.66",209.53,"1,046.43","322,026.79","10,684.24",0.00,42.48,"281,278.42","3,179.55",156.70,"13,903.33","12,782.08",,"704,931.77","1,026,958.56",16.71,"376,653.26","27,322.24",,195.00,"22,853.15",,,,,"4,274.09",,,,"546,684.13","76,282.23","72,161.45"
,26-Oct-2012,"1,102,613.80",7.63,"1,102,621.42","77,684.60","1,023,682.47",207.92,"1,046.43","364,236.42","20,867.32",0.00,477.97,"312,560.15","3,412.92",164.20,"14,756.53","11,997.34",,"670,831.76","1,035,068.18",7.71,"377,181.74","21,257.87",,"1,552.44","18,708.38",,,,,997.05,,,,"562,446.35","74,174.52","70,567.70"
,28-Sep-2012,"1,081,450.87",14.14,"1,081,465.01","77,684.61","1,002,573.14",160.83,"1,046.43","377,393.34",100.22,0.00,42.47,"343,708.93","3,392.98",124.12,"14,653.66","15,370.96",,"643,965.63","1,021,358.97",14.26,"371,251.02","21,503.46",,550.78,"18,808.13",42.00,,,,"2,102.55",,,,"549,656.74","78,933.50","70,567.70"
,31-Aug-2012,"1,089,546.86",14.41,"1,089,561.28","76,612.30","1,011,787.72",114.83,"1,046.43","361,323.66",100.92,0.00,42.46,"330,116.66","3,860.30",125.77,"14,959.64","12,117.92",,"706,812.78","1,068,136.44",14.51,"427,821.21","12,135.85","1,685.00",816.38,"6,362.07",,,,,"3,272.40",,,,"544,511.52","83,653.35","69,593.63"
,27-Jul-2012,"1,088,211.99",16.32,"1,088,228.30","76,009.68","1,011,092.65",79.55,"1,046.43","355,080.95",100.87,0.00,42.43,"323,663.20","3,318.56",103.50,"14,623.59","13,228.80",,"705,363.57","1,060,444.53",16.37,"413,710.76","15,305.87",,793.42,"10,916.55",,,,,"3,595.90",,,,"546,940.17","84,471.36","69,046.22"
,29-Jun-2012,"1,103,746.09",8.90,"1,103,754.99","76,009.68","1,026,471.55",227.34,"1,046.43","354,765.64",100.95,0.00,42.47,"325,429.99","3,357.82",93.06,"14,578.03","11,163.33",,"726,677.56","1,081,443.20",8.96,"423,996.60","10,420.03",,382.50,"7,071.28",39.00,,,,"2,927.25",,,,"567,622.29","79,395.33","69,046.00"
,25-May-2012,"1,108,661.95",11.94,"1,108,673.89","73,253.99","1,034,155.34",218.12,"1,046.43","344,017.74",100.80,0.00,42.48,"314,962.21","3,410.62",77.24,"14,592.01","10,832.39",,"688,127.75","1,032,145.50",12.06,"387,149.53","9,616.04",,141.77,"6,946.28",,,,,"2,527.99",,,,"560,094.77","75,273.10","66,542.98"
,27-Apr-2012,"1,092,798.35",16.10,"1,092,814.45","72,443.46","1,019,162.18",162.39,"1,046.43","352,885.86",100.97,0.00,42.46,"323,393.98","3,352.16",79.98,"14,890.99","11,025.32",,"641,956.85","994,842.71",16.19,"358,849.57","10,466.61",0.00,206.99,"7,810.98",0.00,0.00,0.00,0.00,"2,448.63",,,,"551,758.57","73,751.79","65,806.71"
,30-Mar-2012,"1,055,828.38",11.71,"1,055,840.08","72,443.46","982,262.52",87.68,"1,046.43","425,535.53","48,951.21",0.00,42.49,"346,545.09","3,446.26",86.73,"14,755.98","11,707.77",,"599,018.19","1,024,553.71",11.78,"351,456.14","9,246.02",0.00,227.88,"6,325.28",0.00,0.00,0.00,0.00,"2,692.86",,,,"590,471.98","73,367.79","65,806.71"
,24-Feb-2012,"1,043,369.63",13.68,"1,043,383.31","69,578.49","972,504.49",253.89,"1,046.43","341,784.14",100.91,0.00,42.47,"311,721.83","3,664.83",65.70,"15,723.46","10,464.94",,"534,522.32","876,306.46",13.77,"310,359.49","7,765.09",,113.55,"5,524.18",,,,,"2,127.36",,,,"488,645.59","69,522.53","63,204.21"
,27-Jan-2012,"1,024,574.82",14.90,"1,024,589.71","74,306.84","949,063.41",173.04,"1,046.43","401,474.54",100.59,0.00,42.47,"368,364.61","3,840.91",59.48,"16,982.39","12,084.09",,"546,225.12","947,699.66",14.96,"344,088.60","11,337.36",0.00,87.13,"9,261.98",,,,,"1,988.25",,,,"518,781.63","73,477.12","67,499.38"
,30-Dec-2011,"1,006,758.00",9.00,"1,006,767.00","74,307.00","931,127.00",287.00,"1,046.00","383,240.00",100.00,0.00,42.00,"350,610.00","3,981.00",62.00,"16,751.00","11,694.00",,"619,390.00","1,002,630.00",9.00,"471,300.00","18,904.00","10,986.00",42.00,"5,879.00",,,,,"1,997.00",,,,"439,405.00","73,014.00","67,499.00"
,25-Nov-2011,"1,002,267.00",16.00,"1,980,184.00","13,172.00",,,,"411,648.00",100.00,0.00,42.00,"379,900.00","3,827.00",,"17,038.00","10,741.00",,"574,773.00",,,,"27,984.00","21,325.00",91.00,"5,832.00",,,,,736.00,,,,,,
,28-Oct-2011,"998,829.00",6.00,"1,932,764.00","12,266.00",,,,"382,638.00",100.00,0.00,42.00,"350,870.00","3,710.00",,"17,081.00","10,835.00",,"551,291.00",,,,"8,328.00","3,627.00",345.00,"3,745.00",,,,,611.00,,,,,,
,30-Sep-2011,"963,006.00",20.00,"1,911,150.00","12,266.00",,,,"435,394.00",101.00,0.00,42.00,"402,520.00","3,787.00",,"16,979.00","11,965.00",,"512,721.00",,,,"29,812.00","24,387.00",605.00,"3,953.00",,,,,867.00,,,,,,
,26-Aug-2011,"970,585.00",15.00,"1,817,160.00","111,940.00",,,,"381,611.00",101.00,0.00,42.00,"362,414.00","3,609.00",,"3,192.00","12,253.00",,"449,205.00",,,,"23,906.00","21,192.00",433.00,"1,701.00",,,,,580.00,,,,,,
,29-Jul-2011,"963,156.00",12.00,"1,765,894.00","111,940.00",,,,"377,764.00",101.00,0.00,42.00,"359,821.00","3,684.00",,"3,175.00","10,941.00",,"411,961.00",,,,"28,895.00","25,983.00",17.00,"2,396.00",,,,,499.00,,,,,,
,24-Jun-2011,"979,523.00",19.00,"1,758,220.00","109,832.00",,,,"364,897.00",100.00,0.00,42.00,"355,990.00","3,717.00",,"3,648.00","1,400.00",,"391,041.00",,,,"3,685.00",,62.00,"2,757.00",30.00,,,,836.00,,,,,,
,27-May-2011,"981,370.00",190.00,"1,768,606.00","1,055,820.00",,,,"436,580.00","1,010.00",0.00,420.00,"351,750.00","39,560.00",,"31,670.00","12,170.00",,"403,315.00",,,,"141,010.00","95,440.00","2,160.00","40,160.00",300.00,,,,"2,950.00",,,,,,
,29-Apr-2011,"968,947.00",16.00,"1,747,588.00","105,582.00",,,,"372,490.00",100.00,0.00,42.00,"352,788.00","3,949.00",,"3,696.00","11,915.00",,"393,535.00",,,,"38,198.00","35,399.00",315.00,"2,115.00",30.00,,,,339.00,,,,,,
,31-Mar-2011,"942,107.00",17.00,"942,124.00","52,422.00","888,420.00",236.00,"1,046.00","356,534.00","6,293.00",0.00,41.00,"319,163.00","3,494.00",86.00,"15,198.00","12,260.00",,"361,350.00","717,885.00",17.00,"334,547.00","6,294.00",,729.00,"5,031.00",30.00,,,,504.00,,,,"322,242.00","54,784.00","47,619.00"
,25-Feb-2011,"928,784.00",17.00,"1,672,120.00","100,739.00",,,,"374,424.00","27,498.00",0.00,41.00,"315,978.00","3,569.00",,"15,022.00","12,316.00",,"368,895.00",,,,"4,895.00",,"1,199.00","3,352.00",30.00,,,,314.00,,,,,,
,28-Jan-2011,"912,514.00",8.00,"1,682,824.00","100,686.00",,,,"399,600.00","68,471.00",0.00,41.00,"290,630.00","3,454.00",,"14,936.00","22,068.00",,"370,701.00",,,,"5,243.00",,750.00,"4,374.00",50.00,,,,69.00,,,,,,
,31-Dec-2010,"894,599.00",16.00,"1,671,787.00","100,686.00",,,,"438,168.00","94,537.00",0.00,41.00,"312,868.00","3,675.00",,"14,717.00","12,330.00",,"339,002.00",,,,"5,404.00",,,"4,976.00",60.00,,,,368.00,,,,,,
,26-Nov-2010,"889,288.00",16.00,"1,629,245.00","96,510.00",,,,"387,340.00","43,525.00",0.00,41.00,"310,878.00","3,858.00",,"15,239.00","13,799.00",,"352,601.00",,,,"6,221.00",,"1,242.00","4,582.00",30.00,,,,367.00,,,,,,
,29-Oct-2010,"861,891.00",22.00,"1,624,902.00","96,510.00",,,,"418,263.00","36,559.00",0.00,41.00,"349,160.00","3,852.00",,"15,261.00","13,390.00",,"344,728.00",,,,"7,353.00",,"1,439.00","5,576.00",30.00,,,,308.00,,,,,,
,24-Sep-2010,"848,684.00",17.00,"1,537,129.00","94,199.00",,,,"338,150.00","15,577.00",0.00,41.00,"291,765.00","3,718.00",,"14,255.00","12,794.00",,"350,278.00",,,,"2,371.00",,,"2,316.00",30.00,,,,25.00,,,,,,
,27-Aug-2010,"844,980.00",15.00,"1,517,036.00","89,564.00",,,,"327,864.00",101.00,0.00,41.00,"296,830.00","3,952.00",,"14,138.00","12,802.00",,"344,176.00",,,,"1,281.00",,361.00,895.00,,,,,25.00,,,,,,
,30-Jul-2010,"836,216.00",20.00,"1,530,660.00","89,564.00",,,,"331,809.00",100.00,0.00,41.00,"300,305.00","3,969.00",,"14,099.00","13,295.00",,"362,614.00",,,,"2,066.00",,,"2,041.00",,,,,25.00,,,,,,
,25-Jun-2010,"846,829.00",21.00,"1,548,551.00","90,220.00",,,,"365,173.00","26,531.00",317.00,41.00,"307,570.00","4,234.00",,"14,639.00","11,841.00",,"336,526.00",,,,"2,631.00",,80.00,"2,332.00",,,,,219.00,,,,,,
,28-May-2010,"842,681.00",12.00,"1,490,903.00","82,377.00",,,,"341,602.00",100.00,317.00,41.00,"310,326.00","4,337.00",,"14,321.00","12,160.00",,"306,607.00",,,,"7,817.00","7,531.00",258.00,,,,,,28.00,,,,,,
,30-Apr-2010,"820,203.00",16.00,"1,465,458.00","82,377.00",,,,"346,885.00","1,189.00","2,737.00",461.00,"311,761.00","4,311.00",,"14,310.00","12,116.00",,"298,355.00",,,,"29,969.00","28,868.00","1,073.00",,,,,,28.00,,,,,,
,26-Mar-2010,"790,223.00",16.00,"1,425,816.00","82,845.00",,,,"318,934.00","3,933.00","2,737.00",41.00,"281,390.00","3,917.00",,"13,197.00","13,719.00",,"316,642.00",,,,"3,822.00",,558.00,42.00,,,,,"3,222.00",,,,,,
,26-Feb-2010,"775,040.00",14.00,"1,440,422.00","82,845.00",,,,"318,400.00",222.00,"7,737.00","1,979.00","279,695.00","3,873.00",,"13,011.00","11,883.00",,"346,968.00",,,,"4,720.00",,"1,067.00",240.00,,,,,"3,413.00",,,,,,
,29-Jan-2010,"761,622.00",19.00,"1,398,506.00","83,724.00",,,,"273,219.00","4,211.00","7,737.00",41.00,"234,244.00","3,202.00",,"11,231.00","12,553.00",,"363,646.00",,,,"4,946.00",,778.00,,,,,,"4,168.00",,,,,,
,25-Dec-2009,"754,587.00",16.00,"1,488,953.00","84,508.00",,,,"346,210.00","53,538.00","18,773.00",41.00,"247,196.00","3,553.00",,"11,269.00","11,840.00",,"388,139.00",,,,"3,707.00",,85.00,,,,,,"3,622.00",,,,,,
,27-Nov-2009,"741,227.00",14.00,"1,432,307.00","82,181.00",,,,"283,274.00","8,560.00","18,773.00",183.00,"228,609.00","3,410.00",,"10,761.00","12,978.00",,"407,792.00",,,,"4,215.00",,100.00,,,,,,"4,115.00",,,,,,
,30-Oct-2009,"725,984.00",23.00,"1,436,646.00","50,718.00",,,,"306,574.00","19,491.00","18,773.00",41.00,"242,199.00","3,250.00",,"10,822.00","11,998.00",,"404,065.00",,,,"4,923.00",,169.00,,20.00,,,,"4,734.00",,,,,,
,25-Sep-2009,"711,316.00",20.00,"1,430,436.00","48,041.00",,,,"301,312.00","30,875.00","18,773.00",41.00,"225,681.00","3,108.00",,"10,501.00","12,333.00",,"417,787.00",,,,"9,734.00",,227.00,,,,,,"9,507.00",,,,,,
,28-Aug-2009,"696,058.00",15.00,"1,412,322.00","46,576.00",,,,"288,092.00","31,462.00","18,773.00",41.00,"210,431.00","3,081.00",,"10,593.00","13,711.00",,"428,159.00",,,,"8,966.00",,90.00,,,,,,"8,876.00",,,,,,
,31-Jul-2009,"693,409.00",15.00,"1,396,302.00","46,576.00",,,,"267,290.00","10,413.00","21,063.00",41.00,"209,614.00","3,152.00",,"10,444.00","12,563.00",,"435,589.00",,,,"10,652.00",,,296.00,,,,,"10,356.00",,,,,,
,26-Jun-2009,"704,314.00",26.00,"1,377,201.00","45,417.00",,,,"256,084.00",101.00,"22,890.00",41.00,"206,391.00","3,269.00",,"10,051.00","13,341.00",,"416,776.00",,,,"10,365.00",,,400.00,10.00,,,,"9,955.00",,,,,,
,29-May-2009,"709,339.00",25.00,"1,370,911.00","45,417.00",,,,"282,510.00",101.00,"39,890.00",41.00,"216,462.00","3,028.00",,"9,933.00","13,055.00",,"379,037.00",,,,"18,511.00","6,114.00",,410.00,10.00,,,,"11,977.00",,,,,,
,24-Apr-2009,"704,302.00",17.00,"1,419,071.00","48,793.00",,,,"323,041.00",101.00,"70,216.00",41.00,"222,852.00","3,122.00",,"10,277.00","16,432.00",,"391,711.00",,,,"55,791.00","40,412.00",731.00,"2,902.00",10.00,,,,"11,736.00",,,,,,
,27-Mar-2009,"681,058.00",16.00,"1,429,631.00","49,440.00",,,,"352,156.00",101.00,"88,077.00","1,045.00","238,195.00","3,142.00",,"9,828.00","11,768.00",,"396,402.00",,,,"21,562.00",,,"11,728.00",,,,,"9,834.00",,,,,,
,27-Feb-2009,"665,243.00",17.00,"1,352,869.00","49,440.00",,,,"321,406.00",101.00,"101,991.00",41.00,"194,466.00","2,636.00",,"9,410.00","12,761.00",,"366,203.00",,,,"22,500.00","9,603.00",243.00,"7,113.00",,,,,"5,541.00",,,,,,
,30-Jan-2009,"649,226.00",15.00,"1,302,675.00","43,549.00",,,,"331,041.00",100.00,"108,764.00",41.00,"196,677.00","2,619.00",,"9,451.00","13,389.00",,"322,393.00",,,,"19,305.00","9,166.00",779.00,"6,261.00",,,,,"3,099.00",,,,,,
,26-Dec-2008,"641,245.00",23.00,"1,332,266.00","39,177.00",,,,"364,406.00",101.00,"120,050.00",41.00,"219,867.00","2,745.00",,"9,896.00","11,706.00",,"326,592.00",,,,"14,316.00",,,"13,516.00",19.00,,,,781.00,,,,,,
,28-Nov-2008,"632,454.00",112.00,"1,364,446.00","39,177.00",,,,"391,077.00",101.00,"132,531.00",41.00,"233,607.00","2,780.00",,"10,053.00","11,964.00",,"340,802.00",,,,"22,541.00",,,"6,029.00",25.00,,"16,312.00",,175.00,,,,,,
,31-Oct-2008,"638,204.00",26.00,"1,438,481.00","41,281.00",,,,"459,303.00",100.00,"165,187.00",41.00,"265,773.00","3,467.00",,"12,355.00","12,380.00",,"340,946.00",,,,"23,579.00",,948.00,"8,454.00",,,"13,329.00",,848.00,,,,,,
,26-Sep-2008,"603,489.00",18.00,"1,509,605.00","38,064.00",,,,"544,886.00","20,458.00","173,804.00",41.00,"318,301.00","4,230.00",,"15,802.00","12,250.00",,"361,210.00",,,,"6,690.00",,7.00,"6,094.00",22.00,,,,567.00,,,,,,
,29-Aug-2008,"601,704.00",21.00,"1,400,579.00","38,064.00",,,,"516,735.00",100.00,"173,658.00",41.00,"311,217.00","4,289.00",,"15,368.00","12,062.00",,"282,117.00",,,,"2,170.00",,,"2,087.00",2.00,,,,81.00,,,,,,
,25-Jul-2008,"610,304.00",17.00,"1,448,313.00","39,548.00",,,,"529,414.00",101.00,"171,327.00",41.00,"326,959.00","4,277.00",,"14,868.00","11,841.00",,"308,577.00",,,,"5,765.00",,,"5,493.00",9.00,,,,263.00,,,,,,
,27-Jun-2008,"612,534.00",17.00,"1,451,820.00","39,190.00",,,,"526,719.00","16,613.00","174,433.00",41.00,"305,963.00","4,009.00",,"13,767.00","11,893.00",,"312,551.00",,,,"3,325.00",,,"3,096.00",19.00,,,,210.00,,,,,,
,30-May-2008,"612,653.00",12.00,"1,423,404.00","39,190.00",,,,"517,122.00",100.00,"175,362.00",41.00,"309,968.00","4,094.00",,"13,819.00","13,738.00",,"293,617.00",,,,"2,819.00",,,"2,665.00",19.00,,,,135.00,,,,,,
,25-Apr-2008,"601,629.00",20.00,"1,293,230.00","40,124.00",,,,"473,444.00","16,649.00","172,444.00",41.00,"254,548.00","3,584.00",,"13,049.00","13,129.00",,"218,137.00",,,,"1,028.00",,471.00,474.00,,,,,83.00,,,,,,
,28-Mar-2008,"582,055.00",20.00,"1,333,143.00","38,154.00",,,,"536,851.00","83,645.00","168,392.00",41.00,"257,122.00","3,396.00",,"12,008.00","12,247.00",,"214,216.00",,,,"4,579.00",,,"4,000.00",,,,,579.00,,,,,,
,29-Feb-2008,"566,297.00",19.00,"1,260,618.00","38,154.00",,,,"505,860.00","48,638.00","175,089.00",41.00,"254,217.00","3,393.00",,"12,496.00","11,986.00",,"188,442.00",,,,"1,200.00",,,773.00,24.00,,,,403.00,,,,,,
,25-Jan-2008,"553,971.00",11.00,"1,199,175.00","32,819.00",,,,"498,688.00","50,757.00","166,739.00",41.00,"254,022.00","3,249.00",,"11,844.00","12,036.00",,"146,504.00",,,,"1,729.00",,26.00,"1,610.00",10.00,,,,83.00,,,,,,
,28-Dec-2007,"544,865.00",18.00,"1,195,407.00","33,151.00",,,,"504,473.00","60,691.00","159,717.00",41.00,"257,725.00","3,021.00",,"11,273.00","12,005.00",,"146,052.00",,,,"3,129.00",,569.00,"2,278.00",29.00,,,,253.00,,,,,,
,30-Nov-2007,"535,311.00",17.00,"1,152,875.00","33,151.00",,,,"464,498.00","16,768.00","171,468.00",41.00,"249,589.00","3,103.00",,"11,194.00","12,335.00",,"153,048.00",,,,936.00,,147.00,396.00,19.00,,,,374.00,,,,,,
,26-Oct-2007,"518,266.00",20.00,"1,102,944.00","29,275.00",,,,"448,042.00","23,835.00","174,277.00",41.00,"224,932.00","2,689.00",,"10,474.00","11,794.00",,"136,615.00",,,,426.00,,343.00,,,,,,83.00,,,,,,
,28-Sep-2007,"498,987.00",21.00,"1,058,139.00","29,275.00",,,,"422,878.00","10,871.00","131,473.00",41.00,"254,569.00","2,723.00",,"10,668.00","12,533.00",,"136,253.00",,,,"1,059.00",,893.00,64.00,19.00,,,,83.00,,,,,,
,31-Aug-2007,"498,073.00",18.00,"993,880.00","28,186.00",,,,"353,911.00",907.00,"106,434.00",41.00,"221,733.00","2,606.00",,"10,195.00","11,995.00",,"141,877.00",,,,"1,549.00",,"1,374.00",92.00,,,,,83.00,,,,,,
,27-Jul-2007,"501,178.00",14.00,"1,024,995.00","27,655.00",,,,"391,514.00",100.00,"88,010.00",41.00,"232,827.00","2,399.00",,"9,590.00","58,547.00",,"132,288.00",,,,"21,358.00","20,199.00","1,066.00",,10.00,,,,83.00,,,,,,
,29-Jun-2007,"507,347.00",18.00,"985,521.00","28,147.00",,,,"304,389.00",101.00,"81,137.00",41.00,"199,587.00","2,598.00",,"9,185.00","11,740.00",,"173,768.00",,,,"16,518.00","15,159.00",,"1,266.00",10.00,,,,83.00,,,,,,
,25-May-2007,"514,502.00",21.00,"937,665.00","29,051.00",,,,"296,749.00",101.00,"87,319.00",41.00,"186,236.00","2,438.00",,"8,993.00","11,621.00",,"126,395.00",,,,"11,863.00","7,753.00",816.00,"3,139.00",3.00,,,,152.00,,,,,,
,27-Apr-2007,"512,672.00",11.00,"946,731.00","29,573.00",,,,"291,810.00",101.00,"75,924.00",41.00,"191,200.00","2,504.00",,"8,805.00","13,235.00",,"142,238.00",,,,"5,761.00",980.00,596.00,"4,078.00",6.00,,,,101.00,,,,,,
,30-Mar-2007,"496,775.00",11.00,"979,298.00","29,573.00",,,,"302,615.00","36,661.00","62,974.00",41.00,"180,222.00","2,851.00",,"8,257.00","11,609.00",,"179,897.00",,,,"6,585.00",0.00,0.00,"6,245.00",0.00,0.00,0.00,0.00,340.00,,0.00,0.00,,,
,23-Feb-2007,"490,051.00",20.00,"923,816.00","28,840.00",,,,"253,966.00","33,215.00","42,807.00",41.00,"157,306.00","2,032.00",,"7,551.00","11,014.00",,"179,777.00",,,,"1,116.00",,127.00,827.00,21.00,,,,141.00,,,,,,
,26-Jan-2007,"479,642.00",18.00,"885,678.00","28,824.00",,,,"235,137.00","22,594.00","39,375.00",41.00,"152,871.00","2,004.00",,"7,251.00","11,001.00",,"170,880.00",,,,"7,480.00",,299.00,"4,316.00",21.00,,"2,234.00",,610.00,,,,,,
,29-Dec-2006,"469,112.00",17.00,"900,712.00","28,824.00",,,,"256,772.00","45,682.00","37,314.00",41.00,"153,079.00","1,945.00",,"6,958.00","11,753.00",,"174,811.00",,,,"8,428.00",,472.00,"4,893.00",21.00,,"2,669.00",,373.00,,,,,,
,24-Nov-2006,"460,556.00",42.00,"836,659.00","27,320.00",,,,"201,179.00","11,405.00","37,917.00",41.00,"131,749.00","1,755.00",,"6,386.00","11,926.00",,"174,882.00",,,,"2,956.00",,196.00,4.00,15.00,,"2,657.00",,84.00,,,,,,
,27-Oct-2006,"462,890.00",23.00,"822,453.00","28,506.00",,,,"188,201.00","5,968.00","40,091.00",41.00,"122,259.00","1,830.00",,"6,287.00","11,725.00",,"171,340.00",,,,"4,441.00",,157.00,"1,200.00",,,"2,950.00",,134.00,,,,,,
,29-Sep-2006,"442,960.00",18.00,"838,791.00","28,506.00",,,,"217,459.00","14,921.00","42,064.00",41.00,"140,347.00","1,816.00",,"6,368.00","11,902.00",,"178,354.00",,,,"4,874.00",,242.00,"1,430.00",,,"2,945.00",,257.00,,,,,,
,25-Aug-2006,"440,973.00",25.00,"830,078.00","30,496.00",,,,"195,855.00","6,891.00","42,364.00",41.00,"126,725.00","1,838.00",,"6,278.00","11,718.00",,"193,224.00",,,,"1,743.00",,171.00,30.00,21.00,,"1,437.00",,84.00,,,,,,
,28-Jul-2006,"438,958.00",15.00,"814,833.00","28,479.00",,,,"188,363.00",101.00,"38,995.00",41.00,"120,376.00","1,929.00",,"6,263.00","20,658.00",,"187,497.00",,,,"1,843.00",,47.00,,,,"1,712.00",,84.00,,,,,,
,23-Jun-2006,"445,126.00",20.00,"801,642.00","32,549.00",,,,"174,628.00","1,608.00","33,124.00",41.00,"120,322.00","1,800.00",,"6,185.00","11,548.00",,"181,868.00",,,,"1,524.00",,,2.00,16.00,,"1,419.00",,87.00,,,,,,
,26-May-2006,"443,893.00",20.00,"792,148.00","28,335.00",,,,"170,448.00",100.00,"27,817.00",41.00,"122,558.00","1,847.00",,"6,157.00","11,928.00",,"177,786.00",,,,"1,445.00","1,203.00",,2.00,15.00,,138.00,,87.00,,,,,,
,28-Apr-2006,"438,667.00",14.00,"777,313.00","28,335.00",,,,"178,795.00",100.00,"24,276.00",41.00,"133,968.00","1,955.00",,"6,285.00","12,170.00",,"159,837.00",,,,"2,278.00",,974.00,72.00,15.00,,"1,083.00",,134.00,,,,,,
,31-Mar-2006,"421,922.00",18.00,"760,937.00","25,674.00",,,,"205,934.00","28,928.00","29,062.00",41.00,"127,061.00","2,299.00",,"6,152.00","12,391.00",,"133,063.00",,,,"4,746.00",,86.00,"1,488.00",7.00,,"2,998.00",,167.00,,,,,,
,24-Feb-2006,"414,851.00",12.00,"723,980.00","25,030.00",,,,"183,285.00","17,113.00","31,958.00",41.00,"115,903.00","1,895.00",,"5,813.00","10,562.00",,"125,832.00",,,,"4,386.00",,14.00,"2,479.00",29.00,,"1,465.00",,399.00,,,,,,
,27-Jan-2006,"407,522.00",13.00,"720,338.00","23,770.00",,,,"188,860.00","19,180.00","37,280.00",41.00,"114,972.00","1,781.00",,"5,476.00","10,130.00",,"123,944.00",,,,"6,733.00",,,"3,106.00",24.00,,"2,795.00",,808.00,,,,,,
,30-Dec-2005,"397,991.00",16.00,"731,488.00","23,770.00",,,,"206,232.00","25,955.00","46,112.00",41.00,"116,716.00","1,803.00",,"5,540.00","10,065.00",,"127,248.00",,,,"7,324.00",,195.00,"2,820.00",9.00,,"2,783.00",,"1,517.00",,,,,,
,25-Nov-2005,"393,124.00",15.00,"727,794.00","21,943.00",,,,"205,071.00","13,402.00","64,332.00",41.00,"109,687.00","1,876.00",,"5,480.00","10,253.00",,"129,584.00",,,,"3,240.00",,234.00,,9.00,,"2,910.00",,87.00,,,,,,
,28-Oct-2005,"385,607.00",22.00,"707,179.00","20,727.00",,,,"193,451.00","1,598.00","69,752.00",41.00,"104,663.00","1,704.00",,"5,627.00","10,066.00",,"128,098.00",,,,"2,514.00",,80.00,,14.00,,"2,333.00",,87.00,,,,,,
,30-Sep-2005,"370,318.00",11.00,"687,315.00","20,727.00",,,,"205,298.00","14,173.00","67,328.00",41.00,"105,700.00","1,758.00",,"5,638.00","10,660.00",,"111,688.00",,,,"3,411.00",,,800.00,2.00,,"2,522.00",,87.00,,,,,,
,26-Aug-2005,"372,514.00",27.00,"687,310.00","19,116.00",,,,"202,269.00","3,662.00","76,936.00",41.00,"104,068.00","1,852.00",,"5,529.00","10,181.00",,"112,500.00",,,,"2,339.00",,350.00,,2.00,,"1,900.00",,87.00,,,,,,
,29-Jul-2005,"372,193.00",8.00,"682,441.00","19,375.00",,,,"206,665.00",100.00,"68,765.00",41.00,"113,084.00","2,324.00",,"5,991.00","16,360.00",,"103,576.00",,,,"3,234.00",,729.00,,2.00,,"2,416.00",,87.00,,,,,,
,24-Jun-2005,"380,707.00",13.00,"684,551.00","19,119.00",,,,"186,811.00","1,845.00","71,681.00",41.00,"95,986.00","1,839.00",,"5,491.00","9,928.00",,"117,019.00",,,,"5,280.00",,,,15.00,,"5,175.00",,90.00,,,,,,
,27-May-2005,"382,343.00",11.00,"677,704.00","19,393.00",,,,"175,016.00",101.00,"69,016.00",41.00,"89,603.00","1,654.00",,"5,298.00","9,303.00",,"120,335.00",,,,"6,855.00",,895.00,774.00,2.00,,"5,094.00",,90.00,,,,,,
,29-Apr-2005,"376,884.00",15.00,"696,476.00","19,686.00",,,,"188,562.00",100.00,"67,087.00",41.00,"104,411.00","1,856.00",,"5,593.00","9,474.00",,"131,015.00",,,,"8,767.00",,"4,693.00",,28.00,,"3,956.00",,90.00,,,,,,
,25-Mar-2005,"362,487.00",18.00,"695,666.00","19,096.00",,,,"203,549.00","9,908.00","64,211.00",943.00,"110,103.00","1,763.00",,"5,260.00","11,361.00",,"129,611.00",,,,"6,388.00",,"1,229.00",45.00,5.00,,"5,019.00",,90.00,,,,,,
,25-Feb-2005,"351,548.00",15.00,"659,356.00","19,181.00",,,,"173,650.00",100.00,"60,835.00",41.00,"95,176.00","1,759.00",,"5,263.00","10,476.00",,"134,144.00",,,,"5,844.00",0.00,"2,242.00",0.00,32.00,0.00,"3,480.00",0.00,90.00,,0.00,0.00,,,
,28-Jan-2005,"348,984.00",14.00,"646,768.00","19,969.00",,,,"167,676.00",100.00,"54,499.00",41.00,"96,415.00","1,926.00",,"5,250.00","9,445.00",,"130,094.00",,,,"8,395.00",0.00,"3,435.00",0.00,2.00,0.00,"4,868.00",0.00,90.00,,0.00,0.00,,,
,31-Dec-2004,"343,658.00",13.00,"660,074.00","19,969.00",,,,"182,572.00","6,617.00","52,608.00",41.00,"106,550.00","1,893.00",,"5,230.00","9,633.00",,"133,831.00",,,,"8,195.00",,"3,037.00",110.00,37.00,,"4,921.00",,90.00,,,,,,
,26-Nov-2004,"347,539.00",13.00,"657,678.00","19,776.00",,,,"164,359.00","6,618.00","51,872.00",101.00,"89,442.00","1,804.00",,"5,091.00","9,431.00",,"145,765.00",,,,"8,560.00",,"4,254.00",8.00,3.00,,"4,205.00",,90.00,,,,,,
,29-Oct-2004,"334,803.00",21.00,"633,891.00","19,349.00",,,,"160,501.00",101.00,"55,087.00",41.00,"86,437.00","1,945.00",,"5,333.00","11,557.00",,"138,567.00",,,,"5,625.00",,"4,460.00",,29.00,,"1,046.00",,90.00,,,,,,
,24-Sep-2004,"326,809.00",16.00,"626,508.00","19,186.00",,,,"164,082.00","11,996.00","52,255.00",41.00,"83,561.00","1,829.00",,"4,846.00","9,554.00",,"135,603.00",,,,"3,444.00",,"2,732.00",3.00,29.00,,590.00,,90.00,,,,,,
,27-Aug-2004,"327,247.00",15.00,"607,184.00","19,150.00",,,,"144,726.00",100.00,"51,635.00",41.00,"77,038.00","1,657.00",,"4,677.00","9,578.00",,"135,196.00",,,,"3,764.00",,"2,371.00",,3.00,,"1,300.00",,90.00,,,,,,
,30-Jul-2004,"326,641.00",20.00,"610,128.00","18,655.00",,,,"145,895.00",101.00,"46,206.00",41.00,"77,399.00","2,094.00",,"4,807.00","15,247.00",,"137,572.00",,,,"5,727.00",12.00,"3,162.00",180.00,3.00,,"2,280.00",,90.00,,,,,,
,,,,,,,,,,,,,,,,,,,,,,,,,,,,,,,,,,,,,
,"Notes: 1. Deposits from Central Government include ` 29062 Crore, ` 62974 Crore, ` 168392 Crore, ` 88077 Crore and ` 2737 Crore
          balances under Market Stabilisation Scheme for 2006, 2007, 2008, 2009 and 2010 respectively.
       2. Data in parentheses indicate the value of gold under other assets.
       3. The decrease in total notes issued  is the net impact of withdrawal from circulation of the old `500 and `1000 notes issued
          till November 08, 2016 and subsequent remonetisation efforts made by the Reserve Bank.
       4. 2020,2019 and 2018 Figures relates to June 30th and culled out from the audited annual report of the Reserve Bank.
       5.. Data series upto 2020 relate to June 30th. Data of 2021 relate to March 31st. The figures are culled out from the audited
            annual report of the Reserve Bank.

Also see Notes on Tables.",,,,,,,,,,,,,,,,,,,,,,,,,,,,,,,,,,,,
